
#ifndef VISELHETOLILYGO_KEPEK_H
#define VISELHETOLILYGO_KEPEK_H

const int beerw = 29;
const int beerh = 75;

const unsigned short beer[] PROGMEM={
0x0000, 0x0000, 0x0000, 0x0000, 0x0000, 0x0000, 0x0000, 0x0000, 0x39C7, 0x5AEB, 0x6B4D, 0x4A69, 0x5ACB, 0x632C, 0x6B4D, 0x7BCF,   // 0x0010 (16) pixels
0x8430, 0x7BEF, 0x6B6D, 0x630C, 0x39C7, 0x0000, 0x0000, 0x0000, 0x0000, 0x0000, 0x0000, 0x0000, 0x0000, 0x0000, 0x0000, 0x0000,   // 0x0020 (32) pixels
0x0000, 0x632C, 0xAD95, 0xB596, 0xAD75, 0x9CF3, 0x7BCF, 0x528A, 0x4209, 0x4209, 0x4229, 0x528B, 0x5AEC, 0x738F, 0x8C51, 0x9CF4,   // 0x0030 (48) pixels
0xB5D7, 0xD6BA, 0xE71B, 0xD69A, 0xAD55, 0x5ACB, 0x0000, 0x0000, 0x0000, 0x0000, 0x0000, 0x0000, 0x0861, 0x9CD3, 0xB5D7, 0x6B6F,   // 0x0040 (64) pixels
0x298C, 0x110C, 0x00ED, 0x00ED, 0x00AB, 0x0049, 0x0069, 0x00AB, 0x00EC, 0x012E, 0x016F, 0x0190, 0x01D1, 0x0212, 0x02B4, 0x3B96,   // 0x0050 (80) pixels
0x7C56, 0xB5D9, 0xDF1C, 0xAD54, 0x2124, 0x0000, 0x0000, 0x0000, 0x0000, 0x2104, 0x298B, 0x01B1, 0x0235, 0x01D3, 0x0130, 0x00ED,   // 0x0060 (96) pixels
0x010E, 0x0191, 0x0170, 0x0150, 0x0191, 0x01D3, 0x0214, 0x0255, 0x0295, 0x02F7, 0x0317, 0x0378, 0x041A, 0x047C, 0x03D9, 0x02D5,   // 0x0070 (112) pixels
0x6393, 0x630C, 0x0000, 0x0000, 0x0000, 0x0000, 0x0002, 0x012F, 0x0151, 0x0151, 0x012F, 0x00ED, 0x00ED, 0x0170, 0x0191, 0x0170,   // 0x0080 (128) pixels
0x0191, 0x01B2, 0x01F3, 0x0214, 0x0255, 0x0295, 0x02D6, 0x0317, 0x0338, 0x0358, 0x0378, 0x0378, 0x0398, 0x0336, 0x18E4, 0x0000,   // 0x0090 (144) pixels
0x0000, 0x0000, 0x0000, 0x00A9, 0x0130, 0x0171, 0x0151, 0x012F, 0x00EE, 0x010E, 0x0170, 0x0150, 0x0150, 0x0171, 0x01B2, 0x01D3,   // 0x00A0 (160) pixels
0x0214, 0x0234, 0x0275, 0x0296, 0x02F7, 0x0317, 0x0317, 0x0358, 0x0378, 0x0378, 0x0398, 0x016A, 0x0000, 0x0000, 0x0000, 0x0024,   // 0x00B0 (176) pixels
0x010E, 0x0192, 0x01D3, 0x0192, 0x0151, 0x0150, 0x012F, 0x00ED, 0x00CC, 0x00AC, 0x00ED, 0x010E, 0x014F, 0x0171, 0x01B2, 0x01F3,   // 0x00C0 (192) pixels
0x0234, 0x0275, 0x02D6, 0x0398, 0x043A, 0x043B, 0x03B9, 0x0378, 0x0335, 0x0022, 0x0000, 0x0000, 0x00ED, 0x01F3, 0x0255, 0x01D3,   // 0x00D0 (208) pixels
0x010E, 0x012F, 0x00EE, 0x00AC, 0x006A, 0x0069, 0x0069, 0x008B, 0x00AC, 0x00ED, 0x012F, 0x0150, 0x01B1, 0x01F3, 0x0234, 0x0255,   // 0x00E0 (224) pixels
0x02B6, 0x03DA, 0x051E, 0x053F, 0x045B, 0x0398, 0x0271, 0x0000, 0x0068, 0x0150, 0x01F4, 0x01D3, 0x0150, 0x00CD, 0x010E, 0x00EE,   // 0x00F0 (240) pixels
0x00AC, 0x006A, 0x0069, 0x0069, 0x008B, 0x00AC, 0x00ED, 0x012F, 0x0150, 0x01B1, 0x01F3, 0x0234, 0x0254, 0x02B5, 0x0399, 0x04DD,   // 0x0100 (256) pixels
0x051E, 0x04BD, 0x0399, 0x0378, 0x00C6, 0x00AA, 0x0150, 0x01D3, 0x01D3, 0x0130, 0x00CD, 0x010E, 0x00EE, 0x212C, 0x2949, 0x2928,   // 0x0110 (272) pixels
0x39A8, 0x4A0A, 0x4A0A, 0x4A0C, 0x4A4D, 0x528F, 0x52B0, 0x4AD2, 0x42B3, 0x2294, 0x0296, 0x0399, 0x04BD, 0x051E, 0x04BD, 0x0399,   // 0x0120 (288) pixels
0x0378, 0x01CD, 0x00AA, 0x0130, 0x6332, 0x9471, 0x83CD, 0x5A8A, 0x83CC, 0x83CB, 0x7B69, 0x5A67, 0x49E6, 0x5A67, 0x6AE8, 0x62C9,   // 0x0130 (304) pixels
0x6ACA, 0x6B0B, 0x736C, 0x83AD, 0x8C0F, 0x9450, 0x9C90, 0x9492, 0xA576, 0xAE7C, 0xAE9D, 0x9E1C, 0x43F8, 0x0378, 0x01CD, 0x41C8,   // 0x0140 (320) pixels
0x7B8D, 0xAD2F, 0xAD2F, 0xA4AB, 0x8366, 0xBD48, 0xB4E7, 0x9C45, 0x7304, 0x6283, 0x7B24, 0x8BA5, 0x8385, 0x8386, 0x8BC7, 0x9C28,   // 0x0150 (336) pixels
0xA489, 0xB4EA, 0xBD4B, 0xC56C, 0xC5AD, 0xE6F2, 0xEF9A, 0xD73C, 0xCEDB, 0xB595, 0x94F5, 0x428D, 0x5247, 0xA4A8, 0xDE4B, 0xDE6B,   // 0x0160 (352) pixels
0xBD48, 0x8385, 0xBD48, 0xB4E7, 0x9C25, 0x7304, 0x6283, 0x7B24, 0x7B66, 0x8385, 0x8366, 0x83A8, 0x9409, 0xA489, 0xACCB, 0xBD2B,   // 0x0170 (368) pixels
0xC56C, 0xC58D, 0xEEF2, 0xFFF9, 0xEFBB, 0xFFF9, 0xDE91, 0xCDF2, 0x632B, 0x62C4, 0xA4A8, 0xC5AD, 0xC5AD, 0x9C6B, 0x7327, 0x6B0C,   // 0x0180 (384) pixels
0x83AA, 0x41EA, 0x4A08, 0x5A44, 0x7B24, 0x214B, 0x7B45, 0x7B47, 0x422D, 0x7B6C, 0x940C, 0x6331, 0x9C8F, 0x5334, 0xBD4E, 0xB5D6,   // 0x0190 (400) pixels
0xCF1A, 0xC6DC, 0xDF3A, 0xCE13, 0xD650, 0x7B89, 0x5A66, 0x6B0C, 0x944F, 0x7BB0, 0x8BEC, 0x5A6A, 0xACC7, 0x524C, 0x41CB, 0x3989,   // 0x01A0 (416) pixels
0x5245, 0x6AC6, 0x39AA, 0x6AE7, 0x7B67, 0x4A2D, 0x5AAE, 0x7B8E, 0x5B11, 0x9C8F, 0x73D2, 0xBD6E, 0xA597, 0xBEDC, 0xC71C, 0xC6FB,   // 0x01B0 (432) pixels
0xB595, 0xAD74, 0x7B89, 0x5247, 0x732C, 0xA4CE, 0x6311, 0x83AC, 0x5A89, 0x9C49, 0x526B, 0x5A69, 0x41A8, 0x5225, 0x5A67, 0x6AE7,   // 0x01C0 (448) pixels
0x5249, 0x7B48, 0x734A, 0x4A6F, 0x7B6E, 0x7BB0, 0x8410, 0xA4AF, 0xC58D, 0x9D97, 0xC6FB, 0xC71C, 0xB6BB, 0xA555, 0x9514, 0x7B89,   // 0x01D0 (464) pixels
0x5247, 0x6AEC, 0x942F, 0xA4CD, 0x83AB, 0x6AC8, 0x83AA, 0x9C27, 0x8BC6, 0x6AA4, 0x5A64, 0x7305, 0x8385, 0x7B46, 0x8386, 0x8BC7,   // 0x01E0 (480) pixels
0x9429, 0x9C6A, 0xACCB, 0xACED, 0xB52D, 0xC5AD, 0xD694, 0xEF9B, 0xC71C, 0xA65B, 0x9516, 0xA554, 0x7B89, 0x5266, 0x9C28, 0xCDCA,   // 0x01F0 (496) pixels
0xD60A, 0xB508, 0x8365, 0xB507, 0xACC7, 0x9405, 0x7303, 0x6283, 0x7B44, 0x8BC5, 0x8BA5, 0x8BA6, 0x93E7, 0x9C48, 0xACA9, 0xB50A,   // 0x0200 (512) pixels
0xBD4B, 0xC58C, 0xC5AD, 0xEEF3, 0xFFFA, 0xFFFB, 0xFFF9, 0xDE71, 0xCE11, 0x7B89, 0x62C4, 0xA487, 0xCDCA, 0xC58C, 0x9C4B, 0x62A9,   // 0x0210 (528) pixels
0x8BEB, 0x8BCA, 0x7329, 0x5A47, 0x4A06, 0x62A7, 0x7B67, 0x6B08, 0x7329, 0x83A9, 0x7BAD, 0x83CE, 0x8C2F, 0x9470, 0x9C91, 0x9CB1,   // 0x0220 (544) pixels
0xB5F6, 0xD73B, 0xDF7B, 0xEFB9, 0xDE71, 0xD630, 0x7B89, 0x5247, 0x7B8B, 0x940E, 0x942D, 0x7B69, 0x5A47, 0x7328, 0x6AE8, 0x7347,   // 0x0230 (560) pixels
0x62A5, 0x5225, 0x41C8, 0x210A, 0x316A, 0x110D, 0x296D, 0x5AAD, 0x8C0C, 0x9C8C, 0x9C6D, 0x736F, 0x7B90, 0x9CD4, 0xB5FA, 0xAE3B,   // 0x0240 (576) pixels
0xAE1A, 0x9D14, 0xAD74, 0x6B2B, 0x3986, 0x18AA, 0x004B, 0x006B, 0x0029, 0x0008, 0x0008, 0x39C9, 0x6AE7, 0x0069, 0x0069, 0x006A,   // 0x0250 (592) pixels
0x41C7, 0x5A44, 0x5225, 0x41EC, 0x0171, 0x01B2, 0x01F3, 0x944E, 0x31F0, 0x0131, 0x0215, 0x0339, 0x039A, 0x0318, 0x01D4, 0x4AD3,   // 0x0260 (608) pixels
0x526A, 0x0007, 0x004A, 0x006C, 0x006C, 0x002A, 0x0008, 0x1088, 0x6AE8, 0x7327, 0x3168, 0x3167, 0x5A66, 0x5ACB, 0x6B4C, 0x73AE,   // 0x0270 (624) pixels
0x62CB, 0x734A, 0x52AF, 0x5AEF, 0x9C8E, 0x7B8E, 0x1971, 0x0236, 0x0379, 0x03BA, 0x0338, 0x01F4, 0x01D4, 0x00CB, 0x0027, 0x004A,   // 0x0280 (640) pixels
0x008C, 0x008C, 0x004A, 0x41C7, 0xA487, 0xA4CD, 0x8BC5, 0x6AA3, 0x5A42, 0x6AC3, 0x6B4C, 0x5AEB, 0x73AE, 0x7B89, 0x83A7, 0x9C28,   // 0x0290 (656) pixels
0xACC9, 0xBD4D, 0xCE13, 0xBD4D, 0x8434, 0x0399, 0x03FA, 0x0379, 0x0214, 0x0214, 0x00EB, 0x0028, 0x006B, 0x008D, 0x008C, 0x7328,   // 0x02A0 (672) pixels
0x8BEB, 0xAD54, 0x94B2, 0x7B45, 0x5A63, 0x5A43, 0x6B2A, 0x7B8C, 0x632C, 0x73CE, 0x6B6D, 0x8C4E, 0x9C68, 0x9C49, 0xA4CC, 0xCE79,   // 0x02B0 (688) pixels
0xDEFA, 0xEF37, 0xCE78, 0x1C1A, 0x03B9, 0x0255, 0x0235, 0x010B, 0x0048, 0x008C, 0x00AD, 0x83CA, 0xB54F, 0x8C91, 0x7BD1, 0x31AC,   // 0x02C0 (704) pixels
0x7326, 0x6AA3, 0x5289, 0x7328, 0x7BAC, 0x840F, 0x83EF, 0x5A67, 0x9470, 0x8C0D, 0xACC9, 0x9C8D, 0x2A94, 0x94F7, 0xEF7D, 0xFFFC,   // 0x02D0 (720) pixels
0xCEB9, 0x03D9, 0x0276, 0x0275, 0x012C, 0x0049, 0x008D, 0x526C, 0xC5B0, 0xAD75, 0x31CC, 0x008B, 0x31AB, 0x62A8, 0x49E5, 0x5223,   // 0x02E0 (736) pixels
0x7BCE, 0x6B0A, 0x7BCD, 0x840F, 0x738D, 0x9CD2, 0x9C48, 0x7BAE, 0x9470, 0x1A33, 0x0233, 0x74B9, 0xEF9F, 0xFFFC, 0xADD8, 0x02B6,   // 0x02F0 (752) pixels
0x0296, 0x014C, 0x0069, 0x00CE, 0x9C8C, 0xC638, 0x5AF0, 0x0049, 0x00AC, 0x08CA, 0x6B08, 0x5244, 0x4A05, 0x62E9, 0x734B, 0x73AE,   // 0x0300 (768) pixels
0x840F, 0x7BAC, 0x946F, 0x83A9, 0x83ED, 0x9CAF, 0x0213, 0x0295, 0x02B5, 0x5D1B, 0xF7BF, 0xF7B9, 0x4356, 0x02F7, 0x016D, 0x008A,   // 0x0310 (784) pixels
0x41ED, 0xBDB3, 0x8454, 0x006A, 0x008B, 0x008A, 0x008B, 0x6AE7, 0x5243, 0x4A05, 0x7BCE, 0x736B, 0x62C6, 0x6AE8, 0x840D, 0xB595,   // 0x0320 (800) pixels
0x83A8, 0x9429, 0x9C8F, 0x0234, 0x0213, 0x0357, 0x0358, 0x7D9C, 0xFFDE, 0x9CF4, 0x0337, 0x01AD, 0x00AB, 0x734C, 0xB596, 0x00AB,   // 0x0330 (816) pixels
0x00AC, 0x0049, 0x00AC, 0x00AC, 0x31AA, 0x5A65, 0x3986, 0x5268, 0x736B, 0x7BAC, 0x83CD, 0x83EC, 0x6B2D, 0x734E, 0xA4AC, 0x42D4,   // 0x0340 (832) pixels
0x0296, 0x0254, 0x0295, 0x0419, 0x0378, 0xC6DD, 0xD677, 0x0358, 0x01CD, 0x00AB, 0x8C30, 0x73B1, 0x008A, 0x008A, 0x006A, 0x00AC,   // 0x0350 (848) pixels
0x006A, 0x0049, 0x39C7, 0x5226, 0x10C9, 0x3A0C, 0x5B0F, 0x6330, 0x3A4F, 0x31F0, 0x9C4C, 0x7BB0, 0x5B12, 0x6332, 0x5B53, 0x63D5,   // 0x0360 (864) pixels
0x6458, 0x3C18, 0x5C79, 0xE6F9, 0x43B7, 0x01CD, 0x00AB, 0x9CB1, 0x216C, 0x00CD, 0x0049, 0x00AC, 0x0049, 0x0049, 0x10C9, 0x3169,   // 0x0370 (880) pixels
0x5225, 0x7B46, 0x6AE8, 0x49EB, 0x4A2B, 0x7B6B, 0xB551, 0xC5D3, 0xCE34, 0xD676, 0xDE97, 0xDEB7, 0xEF5A, 0xFFDC, 0xFFFC, 0xF7BB,   // 0x0380 (896) pixels
0xE6F8, 0x8CB5, 0x01CD, 0x08CA, 0x8C30, 0x0069, 0x00AC, 0x294A, 0x522A, 0x7B47, 0x8BC7, 0x8BEA, 0x7BAC, 0x7BAD, 0x8C50, 0x9CD2,   // 0x0390 (912) pixels
0x9CD1, 0xAD33, 0xBD54, 0xCE59, 0xD6BA, 0xDEFB, 0xE71B, 0xE73C, 0xE73C, 0xF7BE, 0xFFFF, 0xFFFF, 0xF659, 0xFF9D, 0xBE3A, 0x01CD,   // 0x03A0 (928) pixels
0x3169, 0x738F, 0x62A9, 0x8BE9, 0x9C6B, 0x944F, 0xA512, 0xA534, 0x9CB2, 0x8BCF, 0x83EF, 0x9492, 0x9CF3, 0xAD55, 0xACD3, 0xABEE,   // 0x03B0 (944) pixels
0xC638, 0xD6BA, 0xDEFB, 0xE71C, 0xE73C, 0xE73C, 0xF77D, 0xFF7D, 0xFF1C, 0xF658, 0xF77C, 0xD6BB, 0x01CD, 0x41E8, 0x942B, 0xACEF,   // 0x03C0 (960) pixels
0xB595, 0xB596, 0xA514, 0xA491, 0x9C0F, 0x93AD, 0x8000, 0x83CE, 0x9492, 0x9D13, 0xAD34, 0xABAE, 0xB4B1, 0xCE38, 0xCC51, 0xD3CF,   // 0x03D0 (976) pixels
0xD28A, 0xDC71, 0xDC50, 0xEE38, 0xF534, 0xF3AD, 0xF595, 0xF75B, 0xDF1C, 0x01CD, 0x5A88, 0xAD54, 0xBDD7, 0xB575, 0xA2EB, 0x9C2F,   // 0x03E0 (992) pixels
0x9B2C, 0x9BAC, 0x942F, 0x8000, 0x7A69, 0x8ACB, 0x9CD3, 0xA4B2, 0xA2CA, 0xA882, 0xC5B6, 0xC0C2, 0xD42F, 0xD1C7, 0xDCD2, 0xD249,   // 0x03F0 (1008) pixels
0xE595, 0xFF5B, 0xF450, 0xF533, 0xF75B, 0xE75C, 0x01CD, 0x6B6D, 0xB5D6, 0xAAEB, 0xACF2, 0x9AA9, 0x940E, 0x9B2B, 0x9BCE, 0x9451,   // 0x0400 (1024) pixels
0x8000, 0x7A07, 0x8000, 0x9BAD, 0xA4D2, 0xACF2, 0xB104, 0xC513, 0xC0E3, 0xD5B5, 0xD34C, 0xDDB4, 0xD124, 0xE4D2, 0xF4B1, 0xEAAA,   // 0x0410 (1040) pixels
0xF512, 0xF75B, 0xEF7C, 0x01AD, 0x736D, 0xB5B6, 0xAA69, 0xAC2F, 0xA40F, 0x9B2C, 0x9A48, 0x9000, 0x93CE, 0x8000, 0x83AE, 0x81C7,   // 0x0420 (1056) pixels
0x92C9, 0xA471, 0xA1A6, 0xB020, 0xC512, 0xC0E3, 0xD5B5, 0xD34C, 0xDDD5, 0xD3AE, 0xE430, 0xEB0C, 0xF4F1, 0xED12, 0xF75B, 0xF79C,   // 0x0430 (1072) pixels
0x518B, 0x7B6D, 0xB5B6, 0xAA69, 0xAB2C, 0xA4F2, 0x9104, 0x9CD1, 0x9145, 0x8AEB, 0x8000, 0x83CE, 0x8228, 0x92EB, 0x9945, 0xA42F,   // 0x0440 (1088) pixels
0xB0A2, 0xC512, 0xC0E3, 0xD5B5, 0xD34C, 0xDDD5, 0xDD34, 0xE533, 0xEA69, 0xEB4C, 0xECB1, 0xF73B, 0xF77C, 0x7841, 0x7B6C, 0xB5B6,   // 0x0450 (1104) pixels
0xAA69, 0xA0E3, 0xA4B2, 0x9186, 0x9CF2, 0x9208, 0x8AEA, 0x8000, 0x83CE, 0x8186, 0x936C, 0x9800, 0xABEF, 0xA882, 0xC4D2, 0xC081,   // 0x0460 (1120) pixels
0xD595, 0xD3AE, 0xDDD5, 0xDE58, 0xE5F6, 0xF6B9, 0xF6D9, 0xF77B, 0xF79D, 0xF75C, 0x7861, 0x7B4C, 0xB5B6, 0xA269, 0xA104, 0xA3EF,   // 0x0470 (1136) pixels
0x9104, 0x9CF3, 0x9165, 0x8B4B, 0x7800, 0x7A49, 0x8145, 0x9470, 0x9B2C, 0xA289, 0xAB8B, 0xBD12, 0xCDB4, 0xD677, 0xDEB8, 0xDEFA,   // 0x0480 (1152) pixels
0xDDD6, 0xE6B8, 0xFFFF, 0xFFFF, 0xFFFF, 0xF7DE, 0xEF3B, 0x7881, 0x7B2B, 0xB5B6, 0xA269, 0xA2CA, 0x9B4C, 0x9020, 0x9B0C, 0x9207,   // 0x0490 (1168) pixels
0x8BCE, 0x81C7, 0x7A27, 0x838C, 0x9CD3, 0xA513, 0xAD33, 0xBDF7, 0xCE59, 0xD6BA, 0xDEFB, 0xE71B, 0xE71C, 0xDEFA, 0xE73A, 0xF79B,   // 0x04A0 (1184) pixels
0xF75A, 0xE696, 0xC551, 0xD591, 0x7881, 0x7ACA, 0xB5B6, 0xA269, 0xA3CE, 0x9A28, 0x936C, 0x9268, 0x940E, 0x9491, 0x83EE, 0x83EF,   // 0x04B0 (1200) pixels
0x8C71, 0x9CF3, 0xA534, 0xB596, 0xBDF7, 0xCE58, 0xCE57, 0xD656, 0xD654, 0xCDB0, 0xC4AB, 0xCC0A, 0xD349, 0xD123, 0xB881, 0xA28A,   // 0x04C0 (1216) pixels
0xDD52, 0x7881, 0x7227, 0xB5B6, 0xA269, 0xACB2, 0x9820, 0x9C0F, 0x9CB1, 0x9CF3, 0x94B2, 0x8C51, 0x8430, 0x8C71, 0x9CB1, 0x9CB0,   // 0x04D0 (1232) pixels
0x9C8E, 0x9C4B, 0xA3E7, 0xAB86, 0xB2E5, 0xB142, 0xB820, 0xB840, 0xC8A2, 0xD903, 0xD944, 0xC0C2, 0xCC71, 0xDCEF, 0x7861, 0x70E1,   // 0x04E0 (1248) pixels
0xB5B6, 0xA46F, 0xAD54, 0x9C0E, 0x93CD, 0x9CF3, 0x9CD3, 0x8C50, 0x7BAC, 0x6B09, 0x6AC4, 0x7AE4, 0x7A83, 0x79A2, 0x8000, 0x9000,   // 0x04F0 (1264) pixels
0xA000, 0xB820, 0xC061, 0xC8A2, 0xD0C2, 0xD903, 0xE164, 0xE165, 0xC8A2, 0xDDD6, 0xD3CA, 0x7881, 0x7800, 0xAD54, 0xB596, 0xAD75,   // 0x0500 (1280) pixels
0xA534, 0x9470, 0x8BEC, 0x7B46, 0x72C3, 0x61E2, 0x5920, 0x5800, 0x6800, 0x7800, 0x8800, 0xA000, 0xB000, 0xC040, 0xC861, 0xD081,   // 0x0510 (1296) pixels
0xD0A2, 0xD0C2, 0xD903, 0xE164, 0xD103, 0xDA69, 0xDEB8, 0xDA66, 0x7861, 0x7800, 0xACB1, 0xAD75, 0x9C8F, 0x8387, 0x7AE4, 0x7222,   // 0x0520 (1312) pixels
0x68E0, 0x6000, 0x6000, 0x6800, 0x7800, 0x8800, 0x9000, 0x9800, 0xA800, 0xB000, 0xC040, 0xC861, 0xC881, 0xD0A2, 0xD0C2, 0xD903,   // 0x0530 (1328) pixels
0xD944, 0xC8C2, 0xED95, 0xDE55, 0xD924, 0x7861, 0x7800, 0x9AE8, 0x8BC7, 0x8348, 0x5961, 0x6800, 0x7800, 0x8000, 0x8000, 0x7800,   // 0x0540 (1344) pixels
0x7800, 0x7800, 0x8800, 0x9000, 0x9800, 0xA800, 0xB000, 0xB840, 0xC861, 0xC881, 0xD0A2, 0xC8C2, 0xD103, 0xC8C2, 0xE32C, 0xF77C,   // 0x0550 (1360) pixels
0xD48C, 0xD924, 0x7861, 0x7000, 0xA0E0, 0x8B88, 0x9492, 0x8965, 0x7000, 0x8A67, 0x8B08, 0x82C8, 0x7984, 0x7800, 0x7800, 0x8820,   // 0x0560 (1376) pixels
0x91A2, 0x9A66, 0xA203, 0xB060, 0xB820, 0xC861, 0xCB29, 0xCCCE, 0xCCEF, 0xCC0C, 0xD9E7, 0xF6FB, 0xEF17, 0xD246, 0xD924, 0x7861,   // 0x0570 (1392) pixels
0x7000, 0xA000, 0x91E2, 0xA4B0, 0x9451, 0x8B09, 0x8C0B, 0x8BC9, 0x7B67, 0x7349, 0x7266, 0x7A06, 0x83AA, 0x8BEB, 0x942C, 0x9C8E,   // 0x0580 (1408) pixels
0xACAE, 0xBB49, 0xC48E, 0xCDF2, 0xCDF0, 0xCDF0, 0xDE94, 0xEEF9, 0xF79B, 0xE50E, 0xD924, 0xD924, 0x7861, 0x7000, 0xA000, 0xA000,   // 0x0590 (1424) pixels
0x9324, 0x9C8F, 0x83CB, 0x8BC7, 0x8BA6, 0x7B45, 0x6AE5, 0x6B08, 0x7B49, 0x83AA, 0x8387, 0x8BC7, 0x942A, 0xA4AC, 0xB54F, 0xBD90,   // 0x05A0 (1440) pixels
0xC58E, 0xC5CE, 0xC5AE, 0xD651, 0xEF17, 0xE632, 0xE1A5, 0xD924, 0xD924, 0x7861, 0x7000, 0xA000, 0xA000, 0xA040, 0x9368, 0x8389,   // 0x05B0 (1456) pixels
0x8BC6, 0x8BC8, 0x7B67, 0x6AE5, 0x6B08, 0x7B49, 0x7B45, 0x83A8, 0x940A, 0x942A, 0x9C68, 0xB52F, 0xBD6F, 0xC58D, 0xCDF0, 0xCDF1,   // 0x05C0 (1472) pixels
0xD651, 0xEF16, 0xE44E, 0xE165, 0xD924, 0xD924, 0x7861, 0x7000, 0xA000, 0xA000, 0xA000, 0x9287, 0x7B46, 0x8BC7, 0x8BA7, 0x7B66,   // 0x05D0 (1488) pixels
0x6AE5, 0x6B29, 0x7328, 0x7B66, 0x8388, 0x8BC8, 0x9429, 0xA48A, 0xACEC, 0xBD90, 0xC58E, 0xC5CF, 0xC5CF, 0xD672, 0xE6F4, 0xE42E,   // 0x05E0 (1504) pixels
0xE165, 0xD924, 0xD924, 0x7861, 0x7000, 0xA000, 0xA000, 0xA000, 0x9183, 0x8388, 0x8BC5, 0x8BC8, 0x7B67, 0x6AC4, 0x6B08, 0x72E4,   // 0x05F0 (1520) pixels
0x7B67, 0x83A8, 0x8BC8, 0x942A, 0xA48A, 0xACCA, 0xBD6F, 0xBD6C, 0xC5D0, 0xC5CF, 0xD630, 0xE6F6, 0xE287, 0xE165, 0xD924, 0xD924,   // 0x0600 (1536) pixels
0x7861, 0x7000, 0xA000, 0xA000, 0xA000, 0x9800, 0x7B29, 0x8BC7, 0x8BA8, 0x7B67, 0x6AC4, 0x6B08, 0x7305, 0x7B24, 0x8387, 0x8BEA,   // 0x0610 (1552) pixels
0x9409, 0x9C48, 0xACCB, 0xBD4E, 0xBD6C, 0xC5AF, 0xC5AF, 0xD651, 0xE5B2, 0xE165, 0xE165, 0xD924, 0xD924, 0x7861, 0x7000, 0x9800,   // 0x0620 (1568) pixels
0xA000, 0xA000, 0x9800, 0x80C0, 0x8B89, 0x8BC9, 0x7B68, 0x6B07, 0x6246, 0x7328, 0x7B46, 0x8387, 0x8BCA, 0x942A, 0x9C69, 0xAD0D,   // 0x0630 (1584) pixels
0xB42C, 0xC56F, 0xC5D0, 0xC5D1, 0xD550, 0xD9C5, 0xE165, 0xE165, 0xD924, 0xD924, 0x7861, 0x6800, 0x9800, 0x9800, 0x9800, 0x9000,   // 0x0640 (1600) pixels
0x8800, 0x8000, 0x7920, 0x6941, 0x6840, 0x7000, 0x6A05, 0x7B69, 0x8388, 0x83A7, 0x942A, 0xA48C, 0xA328, 0xB840, 0xB8C1, 0xBA64,   // 0x0650 (1616) pixels
0xB9A3, 0xD0E2, 0xD924, 0xE144, 0xD944, 0xD0E3, 0xD0E3, 0x7840, 0x6000, 0x9000, 0x9800, 0x9000, 0x8800, 0x8000, 0x8000, 0x8000,   // 0x0660 (1632) pixels
0x7800, 0x7000, 0x6800, 0x7000, 0x68A0, 0x7225, 0x7AC8, 0x8266, 0x90E1, 0xA800, 0xB820, 0xC040, 0xC061, 0xC081, 0xD0A2, 0xD8E2,   // 0x0670 (1648) pixels
0xD903, 0xD8E3, 0xD0A2, 0xD0A2, 0x7020, 0x5800, 0x8800, 0x8800, 0x8800, 0x8000, 0x7800, 0x7800, 0x7800, 0x7000, 0x6800, 0x6800,   // 0x0680 (1664) pixels
0x6800, 0x7000, 0x7800, 0x8800, 0x9000, 0x9800, 0xA800, 0xB000, 0xB820, 0xC020, 0xC040, 0xC861, 0xD0A1, 0xD8A2, 0xD0A1, 0xC881,   // 0x0690 (1680) pixels
0xC861, 0x7000, 0x5000, 0x7800, 0x8000, 0x8000, 0x7800, 0x7000, 0x7000, 0x7000, 0x6800, 0x6000, 0x6000, 0x6000, 0x6800, 0x7000,   // 0x06A0 (1696) pixels
0x7800, 0x8800, 0x9000, 0xA000, 0xA800, 0xB000, 0xB800, 0xB820, 0xC840, 0xD060, 0xD060, 0xD060, 0xC040, 0xC040, 0x6800, 0x5000,   // 0x06B0 (1712) pixels
0x7000, 0x7800, 0x7800, 0x7000, 0x6800, 0x6800, 0x6800, 0x6000, 0x5800, 0x5800, 0x5800, 0x6000, 0x6800, 0x7000, 0x8000, 0x8800,   // 0x06C0 (1728) pixels
0x9800, 0xA000, 0xA800, 0xB000, 0xB000, 0xC000, 0xC820, 0xC820, 0xC820, 0xB800, 0xB800, 0x6800, 0x4800, 0x6800, 0x7000, 0x7000,   // 0x06D0 (1744) pixels
0x6800, 0x6000, 0x6000, 0x6000, 0x5800, 0x5000, 0x5000, 0x5000, 0x5800, 0x6000, 0x6800, 0x7800, 0x8000, 0x9000, 0x9800, 0xA000,   // 0x06E0 (1760) pixels
0xA800, 0xA800, 0xB800, 0xC000, 0xC800, 0xC000, 0xB000, 0xB000, 0x6000, 0x59C2, 0x6941, 0x6800, 0x6800, 0x6000, 0x5800, 0x5800,   // 0x06F0 (1776) pixels
0x5800, 0x5000, 0x4800, 0x4800, 0x4800, 0x5000, 0x5800, 0x6000, 0x7000, 0x7800, 0x8800, 0x9000, 0x9800, 0xA000, 0xA000, 0xB000,   // 0x0700 (1792) pixels
0xC000, 0xC000, 0xB800, 0xB000, 0xBB68, 0x7286, 0x6A63, 0x9305, 0x9B25, 0x8B24, 0x69E2, 0x5040, 0x5000, 0x5000, 0x4800, 0x4000,   // 0x0710 (1808) pixels
0x4000, 0x4000, 0x4800, 0x5000, 0x5800, 0x6000, 0x7000, 0x7800, 0x8800, 0x9000, 0x9800, 0x9800, 0xA800, 0xC225, 0xCBCA, 0xD4AC,   // 0x0720 (1824) pixels
0xCC4B, 0xD4ED, 0x7B68, 0x62A4, 0x93E6, 0xAC67, 0xABC6, 0x9324, 0x8263, 0x8A83, 0x7A63, 0x6A22, 0x59C2, 0x51A2, 0x51C2, 0x59E2,   // 0x0730 (1840) pixels
0x6202, 0x6A23, 0x7264, 0x82A4, 0x8B05, 0x9B46, 0xAB87, 0xB3A8, 0xBBA8, 0xCC6B, 0xDD2E, 0xDD2D, 0xDD8E, 0xCDEF, 0xCE0F, 0x7B68,   // 0x0740 (1856) pixels
0x62A4, 0x93E6, 0xACC7, 0xACC7, 0x9406, 0x7B24, 0x8BC5, 0x8344, 0x7AC4, 0x6A43, 0x6A02, 0x7202, 0x7A23, 0x7A43, 0x8284, 0x92C4,   // 0x0750 (1872) pixels
0x9B05, 0xA366, 0xABE7, 0xB449, 0xBCCA, 0xBD2B, 0xCDCD, 0xD62F, 0xD64F, 0xDE4F, 0xCDEF, 0xCE0F, 0x7B68, 0x6A43, 0x93E6, 0xACC7,   // 0x0760 (1888) pixels
0xACC7, 0x9406, 0x7B25, 0x8BC5, 0x8385, 0x7B24, 0x6AC3, 0x6283, 0x6AA3, 0x7304, 0x7324, 0x7B45, 0x8BA6, 0x9407, 0x9C68, 0xACA9,   // 0x0770 (1904) pixels
0xB50A, 0xBD4B, 0xBD4C, 0xCDCD, 0xD62F, 0xD62F, 0xDE4F, 0xCDEF, 0xCDEF, 0x7AC7, 0x69A2, 0x9B05, 0xAC46, 0xACC7, 0x9406, 0x7B25,   // 0x0780 (1920) pixels
0x8BC5, 0x8385, 0x7B24, 0x6AC3, 0x6283, 0x6AA3, 0x72E4, 0x7324, 0x7B45, 0x8BA6, 0x9407, 0x9C68, 0xACA9, 0xB50A, 0xBD4B, 0xBD4C,   // 0x0790 (1936) pixels
0xCDCD, 0xD62F, 0xD62F, 0xD62F, 0xD50C, 0xD48C, 0x7A05, 0x7000, 0xA1A2, 0xAB45, 0xAB85, 0x9B24, 0x8283, 0x8B44, 0x8344, 0x7B24,   // 0x07A0 (1952) pixels
0x6AC3, 0x6283, 0x6AA3, 0x72E4, 0x7324, 0x7B45, 0x8BA6, 0x9407, 0x9C68, 0xACA9, 0xB50A, 0xBD2B, 0xBCEB, 0xCCEB, 0xD4EB, 0xD4EC,   // 0x07B0 (1968) pixels
0xDC8B, 0xD3EA, 0xD9C5, 0x7861, 0x7000, 0xA000, 0xA800, 0xA820, 0x99C2, 0x8A03, 0x9283, 0x8A63, 0x7A22, 0x7202, 0x69E2, 0x6A02,   // 0x07C0 (1984) pixels
0x7A43, 0x7A63, 0x8284, 0x92C5, 0x9B25, 0xA366, 0xABA7, 0xBBA7, 0xC3A8, 0xC3A8, 0xCC09, 0xD3E9, 0xD266, 0xD904, 0xD924, 0xD924,   // 0x07D0 (2000) pixels
0x7881, 0x5041, 0xA000, 0xA800, 0xA800, 0x9800, 0x9000, 0x9000, 0x8800, 0x8000, 0x7800, 0x7040, 0x78C0, 0x7921, 0x8141, 0x8962,   // 0x07E0 (2016) pixels
0x9982, 0xA182, 0xA942, 0xB0A1, 0xB861, 0xC082, 0xC8A2, 0xC8C2, 0xD103, 0xD103, 0xD924, 0xD924, 0xD1A6, 0x40E3, 0x0000, 0x5945,   // 0x07F0 (2032) pixels
0xA2AA, 0xA841, 0x9800, 0x9000, 0x9000, 0x8800, 0x8000, 0x7800, 0x7000, 0x7800, 0x8000, 0x8800, 0x9000, 0x9800, 0xA000, 0xA820,   // 0x0800 (2048) pixels
0xB060, 0xB881, 0xC0A2, 0xC8A2, 0xC8C2, 0xD103, 0xD103, 0xD9E7, 0xBAEB, 0x5A28, 0x0000, 0x0000, 0x0000, 0x2945, 0x7B6D, 0x830C,   // 0x0810 (2064) pixels
0x8228, 0x89A6, 0x8861, 0x8000, 0x7800, 0x7000, 0x7800, 0x8000, 0x8000, 0x9000, 0x9800, 0xA000, 0xA820, 0xB060, 0xB881, 0xC081,   // 0x0820 (2080) pixels
0xC1C7, 0xCB6D, 0xC430, 0xAC10, 0x6B4D, 0x18C3, 0x0000, 0x0000, 0x0000, 0x0000, 0x0000, 0x0000, 0x10A2, 0x39C7, 0x39E7, 0x4A49,   // 0x0830 (2096) pixels
0x4A08, 0x51C7, 0x51A6, 0x59A6, 0x61A6, 0x69C7, 0x7208, 0x7A28, 0x8269, 0x82CA, 0x8AEB, 0x834C, 0x83CE, 0x7BEF, 0x630C, 0x52AA,   // 0x0840 (2112) pixels
0x39C7, 0x0000, 0x0000, 0x0000, 0x0000, 0x0000, 0x0000, 0x0000, 0x0000, 0x0000, 0x2124, 0x4A49, 0x4208, 0x3186, 0x2965, 0x2124,   // 0x0850 (2128) pixels
0x18E3, 0x18C3, 0x18E3, 0x18E3, 0x20E3, 0x2124, 0x2965, 0x39E7, 0x5AAA, 0x738E, 0x7BCF, 0x5AEB, 0x2945, 0x0000, 0x0000, 0x0000,   // 0x0860 (2144) pixels
0x0000, 0x0000, 0x0000, 0x0000, 0x0000, 0x0000, 0x0000, 0x0000, 0x0000, 0x0000, 0x0841, 0x10A2, 0x18E3, 0x2104, 0x2104, 0x2104,   // 0x0870 (2160) pixels
0x2124, 0x2945, 0x2965, 0x3186, 0x31A6, 0x31A6, 0x2945, 0x0861, 0x0000, 0x0000, 0x0000, 0x0000, 0x0000, 0x0000, 0x0000
};

const int ttatw = 80;
const int ttath = 85;

const uint16_t ttat[] PROGMEM= {
0xF81F, 0xF81F, 0xF81F, 0xF81F, 0xF81F, 0xF81F, 0xF81F, 0xF81F, 0xF81F, 0xF81F, 0xF81F, 0xF81F, 0xF81F, 0xF81F, 0xF81F, 0xF81F,   // 0x0010 (16) pixels
0xF81F, 0xF81F, 0xF81F, 0xF81F, 0xF81F, 0xF81F, 0xF81F, 0xF81F, 0xF81F, 0xF81F, 0xF81F, 0xF81F, 0xF81F, 0xF81F, 0xF81F, 0xF81F,   // 0x0020 (32) pixels
0xF81F, 0xF81F, 0xF81F, 0xF81F, 0xF81F, 0xF81F, 0xF81F, 0xF81F, 0xF81F, 0xF81F, 0xF81F, 0xF81F, 0xF81F, 0xF81F, 0xF81F, 0xF81F,   // 0x0030 (48) pixels
0xF81F, 0xF81F, 0xF81F, 0xF81F, 0xF81F, 0xF81F, 0xF81F, 0xF81F, 0xF81F, 0xF81F, 0xF81F, 0xF81F, 0xF81F, 0xF81F, 0xF81F, 0xF81F,   // 0x0040 (64) pixels
0xF81F, 0xF81F, 0xF81F, 0xF81F, 0xF81F, 0xF81F, 0xF81F, 0xF81F, 0xF81F, 0xF81F, 0xF81F, 0xF81F, 0xF81F, 0xF81F, 0xF81F, 0xF81F,   // 0x0050 (80) pixels
0xF81F, 0xF81F, 0xF81F, 0xF81F, 0xF81F, 0xF81F, 0xF81F, 0xF81F, 0xF81F, 0xF81F, 0xF81F, 0xF81F, 0xF81F, 0xF81F, 0xF81F, 0xF81F,   // 0x0060 (96) pixels
0xF81F, 0xF81F, 0xF81F, 0xF81F, 0xF81F, 0xF81F, 0xF81F, 0xF81F, 0xF81F, 0xF81F, 0xF81F, 0xF81F, 0xF81F, 0xF81F, 0xF81F, 0xF81F,   // 0x0070 (112) pixels
0xF81F, 0x0061, 0x0061, 0x0061, 0x0040, 0x0040, 0x0040, 0x0040, 0x0041, 0x0061, 0x0061, 0x0882, 0xF81F, 0xF81F, 0xF81F, 0xF81F,   // 0x0080 (128) pixels
0xF81F, 0xF81F, 0xF81F, 0xF81F, 0xF81F, 0xF81F, 0xF81F, 0xF81F, 0xF81F, 0xF81F, 0xF81F, 0xF81F, 0xF81F, 0xF81F, 0xF81F, 0xF81F,   // 0x0090 (144) pixels
0xF81F, 0xF81F, 0xF81F, 0xF81F, 0xF81F, 0xF81F, 0xF81F, 0xF81F, 0xF81F, 0xF81F, 0xF81F, 0xF81F, 0xF81F, 0xF81F, 0xF81F, 0xF81F,   // 0x00A0 (160) pixels
0xF81F, 0xF81F, 0xF81F, 0xF81F, 0xF81F, 0xF81F, 0xF81F, 0xF81F, 0xF81F, 0xF81F, 0xF81F, 0xF81F, 0xF81F, 0xF81F, 0xF81F, 0xF81F,   // 0x00B0 (176) pixels
0xF81F, 0xF81F, 0xF81F, 0xF81F, 0xF81F, 0xF81F, 0xF81F, 0xF81F, 0xF81F, 0xF81F, 0xF81F, 0xF81F, 0xF81F, 0xF81F, 0x10A2, 0x0041,   // 0x00C0 (192) pixels
0x3A07, 0x8430, 0xAD54, 0xBDD7, 0xCE38, 0xCE58, 0xCE58, 0xC638, 0xBDB6, 0xAD55, 0x9492, 0x632C, 0x10C2, 0x0040, 0x4A49, 0xF81F,   // 0x00D0 (208) pixels
0xF81F, 0xF81F, 0xF81F, 0xF81F, 0xF81F, 0xF81F, 0xF81F, 0xF81F, 0xF81F, 0xF81F, 0xF81F, 0xF81F, 0xF81F, 0xF81F, 0xF81F, 0xF81F,   // 0x00E0 (224) pixels
0xF81F, 0xF81F, 0xF81F, 0xF81F, 0xF81F, 0xF81F, 0xF81F, 0xF81F, 0xF81F, 0xF81F, 0xF81F, 0xF81F, 0xF81F, 0xF81F, 0xF81F, 0xF81F,   // 0x00F0 (240) pixels
0xF81F, 0xF81F, 0xF81F, 0xF81F, 0xF81F, 0xF81F, 0xF81F, 0xF81F, 0xF81F, 0xF81F, 0xF81F, 0xF81F, 0xF81F, 0xF81F, 0xF81F, 0xF81F,   // 0x0100 (256) pixels
0xF81F, 0xF81F, 0xF81F, 0xF81F, 0xF81F, 0xF81F, 0xF81F, 0xF81F, 0xF81F, 0xF81F, 0xF81F, 0xF81F, 0x0041, 0x0061, 0x630C, 0xAD55,   // 0x0110 (272) pixels
0xD679, 0xD679, 0xD679, 0xD679, 0xD679, 0xD679, 0xDE79, 0xDE79, 0xDE79, 0xD679, 0xD679, 0xD699, 0xCE58, 0xA513, 0x5ACA, 0x0841,   // 0x0120 (288) pixels
0x8C51, 0xF81F, 0xF81F, 0xF81F, 0xF81F, 0xF81F, 0xF81F, 0xF81F, 0xF81F, 0xF81F, 0xF81F, 0xF81F, 0xF81F, 0xF81F, 0xF81F, 0xF81F,   // 0x0130 (304) pixels
0xF81F, 0xF81F, 0xF81F, 0xF81F, 0xF81F, 0xF81F, 0xF81F, 0xF81F, 0xF81F, 0xF81F, 0xF81F, 0xF81F, 0xF81F, 0xF81F, 0xF81F, 0xF81F,   // 0x0140 (320) pixels
0xF81F, 0xF81F, 0xF81F, 0xF81F, 0xF81F, 0xF81F, 0xF81F, 0xF81F, 0xF81F, 0xF81F, 0xF81F, 0xF81F, 0xF81F, 0xF81F, 0xF81F, 0xF81F,   // 0x0150 (336) pixels
0xF81F, 0xF81F, 0xF81F, 0xF81F, 0xF81F, 0xF81F, 0xF81F, 0xF81F, 0xF81F, 0xF81F, 0x0041, 0x0041, 0x0061, 0x6B6D, 0xB575, 0xC5F7,   // 0x0160 (352) pixels
0xD679, 0xD699, 0xD699, 0xD699, 0xCE58, 0xBDB6, 0xBDD6, 0xC618, 0xD679, 0xD679, 0xD699, 0xD699, 0xD699, 0xD679, 0xD679, 0xAD55,   // 0x0170 (368) pixels
0x4208, 0x0041, 0x7BCF, 0xF81F, 0xF81F, 0xF81F, 0xF81F, 0xF81F, 0xF81F, 0xF81F, 0xF81F, 0xF81F, 0xF81F, 0xF81F, 0xF81F, 0xF81F,   // 0x0180 (384) pixels
0xF81F, 0xF81F, 0xF81F, 0xF81F, 0xF81F, 0xF81F, 0xF81F, 0xF81F, 0xF81F, 0xF81F, 0xF81F, 0xF81F, 0xF81F, 0xF81F, 0xF81F, 0xF81F,   // 0x0190 (400) pixels
0xF81F, 0xF81F, 0xF81F, 0xF81F, 0xF81F, 0xF81F, 0xF81F, 0xF81F, 0xF81F, 0xF81F, 0xF81F, 0xF81F, 0xF81F, 0xF81F, 0xF81F, 0xF81F,   // 0x01A0 (416) pixels
0xF81F, 0xF81F, 0xF81F, 0xF81F, 0xF81F, 0xF81F, 0xF81F, 0xF81F, 0xF81F, 0xF81F, 0x0882, 0x0061, 0x0061, 0x0861, 0x6B6D, 0xA513,   // 0x01B0 (432) pixels
0xC618, 0xD699, 0xD699, 0xD699, 0xD69A, 0xBDB7, 0x738E, 0x0841, 0x2124, 0x632C, 0x9491, 0xBDB6, 0xD679, 0xD679, 0xD679, 0xD679,   // 0x01C0 (448) pixels
0xCE38, 0x5AEB, 0x0041, 0x8410, 0xF81F, 0xF81F, 0xF81F, 0xF81F, 0xF81F, 0xF81F, 0xF81F, 0xF81F, 0xF81F, 0xF81F, 0xF81F, 0xF81F,   // 0x01D0 (464) pixels
0xF81F, 0xF81F, 0xF81F, 0xF81F, 0xF81F, 0xF81F, 0xF81F, 0xF81F, 0xF81F, 0xF81F, 0xF81F, 0xF81F, 0xF81F, 0xF81F, 0xF81F, 0xF81F,   // 0x01E0 (480) pixels
0xF81F, 0xF81F, 0xF81F, 0xF81F, 0xF81F, 0xF81F, 0xF81F, 0xF81F, 0xF81F, 0xF81F, 0xF81F, 0xF81F, 0xF81F, 0xF81F, 0xF81F, 0xF81F,   // 0x01F0 (496) pixels
0xF81F, 0xF81F, 0xF81F, 0xF81F, 0xF81F, 0xF81F, 0xF81F, 0xF81F, 0xF81F, 0xF81F, 0x2965, 0x0861, 0x73AE, 0xC5D7, 0xD679, 0xD699,   // 0x0200 (512) pixels
0xD699, 0xD699, 0xCE58, 0xAD54, 0x632C, 0x1082, 0x0041, 0x0060, 0x0061, 0x7AE6, 0x1061, 0x0860, 0x528A, 0x9CD2, 0xC638, 0xD679,   // 0x0210 (528) pixels
0xB575, 0x73AE, 0x0061, 0x0882, 0x9492, 0xF81F, 0xF81F, 0xF81F, 0xF81F, 0xF81F, 0xF81F, 0xF81F, 0xF81F, 0xF81F, 0xF81F, 0xF81F,   // 0x0220 (544) pixels
0xF81F, 0xF81F, 0xF81F, 0xF81F, 0xF81F, 0xF81F, 0xF81F, 0xF81F, 0xF81F, 0xF81F, 0xF81F, 0xF81F, 0xF81F, 0xF81F, 0xF81F, 0xF81F,   // 0x0230 (560) pixels
0xF81F, 0xF81F, 0xF81F, 0xF81F, 0xF81F, 0xF81F, 0xF81F, 0xF81F, 0xF81F, 0xF81F, 0xF81F, 0xF81F, 0xF81F, 0xF81F, 0xF81F, 0xF81F,   // 0x0240 (576) pixels
0xF81F, 0xF81F, 0xF81F, 0xF81F, 0xF81F, 0xF81F, 0xF81F, 0xF81F, 0xF81F, 0x0040, 0x4A69, 0xB595, 0xD699, 0xD699, 0xD699, 0xD699,   // 0x0250 (592) pixels
0xD699, 0xD699, 0xD699, 0xD679, 0xD699, 0xC5F7, 0x7BEF, 0x0080, 0x0061, 0xBC46, 0x5A43, 0x0062, 0x5245, 0x0041, 0x1082, 0x5ACB,   // 0x0260 (608) pixels
0x3186, 0x4142, 0x9AE4, 0xA304, 0x7A84, 0x28E1, 0xF81F, 0xF81F, 0xF81F, 0xF81F, 0xF81F, 0xF81F, 0xF81F, 0xF81F, 0xF81F, 0xF81F,   // 0x0270 (624) pixels
0xF81F, 0xF81F, 0xF81F, 0xF81F, 0xF81F, 0xF81F, 0xF81F, 0xF81F, 0xF81F, 0xF81F, 0xF81F, 0xF81F, 0xF81F, 0xF81F, 0xF81F, 0xF81F,   // 0x0280 (640) pixels
0xF81F, 0xF81F, 0xF81F, 0xF81F, 0xF81F, 0xF81F, 0xF81F, 0xF81F, 0xF81F, 0xF81F, 0xF81F, 0xF81F, 0xF81F, 0xF81F, 0xF81F, 0xF81F,   // 0x0290 (656) pixels
0xF81F, 0xF81F, 0xF81F, 0xF81F, 0xF81F, 0xF81F, 0xF81F, 0xF81F, 0x0841, 0x840F, 0xCE58, 0xD699, 0xD699, 0xD699, 0xD699, 0xD699,   // 0x02A0 (672) pixels
0xD699, 0xD699, 0xD699, 0xD699, 0xD699, 0xD699, 0xD699, 0xA534, 0x2104, 0x6202, 0xCCA6, 0xC486, 0x9B65, 0x0041, 0x0041, 0x0060,   // 0x02B0 (688) pixels
0x51A3, 0xDBC5, 0xE3E3, 0xDBC3, 0xEBE2, 0xDBE4, 0x82A3, 0x2944, 0xF81F, 0xF81F, 0xF81F, 0xF81F, 0xF81F, 0xF81F, 0xF81F, 0xF81F,   // 0x02C0 (704) pixels
0xF81F, 0xF81F, 0xF81F, 0xF81F, 0xF81F, 0xF81F, 0xF81F, 0xF81F, 0xF81F, 0xF81F, 0xF81F, 0xF81F, 0xF81F, 0xF81F, 0xF81F, 0xF81F,   // 0x02D0 (720) pixels
0xF81F, 0xF81F, 0xF81F, 0xF81F, 0xF81F, 0xF81F, 0xF81F, 0xF81F, 0xF81F, 0xF81F, 0xF81F, 0xF81F, 0xF81F, 0xF81F, 0xF81F, 0xF81F,   // 0x02E0 (736) pixels
0xF81F, 0xF81F, 0xF81F, 0xF81F, 0xF81F, 0xF81F, 0xF81F, 0x18C2, 0xA4F3, 0xD679, 0xC5F7, 0xAD34, 0xCE58, 0xD699, 0xD699, 0xD699,   // 0x02F0 (752) pixels
0xD699, 0xD699, 0xD699, 0xD699, 0xD699, 0xD699, 0xC5F7, 0xA514, 0x9CB3, 0x31A6, 0x0860, 0x1061, 0x0040, 0x0061, 0x0061, 0x7223,   // 0x0300 (768) pixels
0xE3C4, 0xD3C4, 0x7A84, 0xDBE4, 0xF3C2, 0xEBC2, 0xEBE3, 0x8AA4, 0x52AA, 0xF81F, 0xF81F, 0xF81F, 0xF81F, 0xF81F, 0xF81F, 0xF81F,   // 0x0310 (784) pixels
0xF81F, 0xF81F, 0xF81F, 0xF81F, 0xF81F, 0xF81F, 0xF81F, 0xF81F, 0xF81F, 0xF81F, 0xF81F, 0xF81F, 0xF81F, 0xF81F, 0xF81F, 0xF81F,   // 0x0320 (800) pixels
0xF81F, 0xF81F, 0xF81F, 0xF81F, 0xF81F, 0xF81F, 0xF81F, 0xF81F, 0xF81F, 0xF81F, 0xF81F, 0xF81F, 0xF81F, 0xF81F, 0xF81F, 0xF81F,   // 0x0330 (816) pixels
0xF81F, 0xF81F, 0xF81F, 0xF81F, 0xF81F, 0xF81F, 0x1903, 0xAD55, 0xAD55, 0x6B4C, 0x738D, 0xCE58, 0xD699, 0xD699, 0xD699, 0xD699,   // 0x0340 (832) pixels
0xD699, 0xD699, 0xD699, 0xD699, 0xD699, 0xD699, 0xD679, 0xBDB6, 0x83EF, 0x5AEB, 0x5289, 0x08A1, 0x20A0, 0x8243, 0xC364, 0xEBE3,   // 0x0350 (848) pixels
0xEBE2, 0xE3C4, 0xEC03, 0xF3C2, 0xEBC2, 0xEBC2, 0xEBC1, 0xE3E4, 0x28C0, 0xF81F, 0xF81F, 0xF81F, 0xF81F, 0xF81F, 0xF81F, 0xF81F,   // 0x0360 (864) pixels
0xF81F, 0xF81F, 0xF81F, 0xF81F, 0xF81F, 0xF81F, 0xF81F, 0xF81F, 0xF81F, 0xF81F, 0xF81F, 0xF81F, 0xF81F, 0xF81F, 0xF81F, 0xF81F,   // 0x0370 (880) pixels
0xF81F, 0xF81F, 0xF81F, 0xF81F, 0xF81F, 0xF81F, 0xF81F, 0xF81F, 0xF81F, 0xF81F, 0xF81F, 0xF81F, 0xF81F, 0xF81F, 0xF81F, 0xF81F,   // 0x0380 (896) pixels
0xF81F, 0xF81F, 0xF81F, 0xF81F, 0xF81F, 0x0861, 0x73AE, 0x52AA, 0x0041, 0x7BCF, 0xD679, 0xD699, 0xD699, 0xD699, 0xD699, 0xD699,   // 0x0390 (912) pixels
0xD699, 0xD699, 0xD699, 0xD699, 0xD699, 0xD699, 0xD699, 0xD679, 0xB5B6, 0x8C50, 0x6AC9, 0xAB23, 0xDBE3, 0xEBE2, 0xEC04, 0xE405,   // 0x03A0 (928) pixels
0xE3E4, 0xEC04, 0xEBE3, 0xEBE2, 0xEBE2, 0xEBC2, 0xEBC2, 0xEBE2, 0x7243, 0xF81F, 0xF81F, 0xF81F, 0xF81F, 0xF81F, 0xF81F, 0xF81F,   // 0x03B0 (944) pixels
0xF81F, 0xF81F, 0xF81F, 0xF81F, 0xF81F, 0xF81F, 0xF81F, 0xF81F, 0xF81F, 0xF81F, 0xF81F, 0xF81F, 0xF81F, 0xF81F, 0xF81F, 0xF81F,   // 0x03C0 (960) pixels
0xF81F, 0xF81F, 0xF81F, 0xF81F, 0xF81F, 0xF81F, 0xF81F, 0xF81F, 0xF81F, 0xF81F, 0xF81F, 0xF81F, 0xF81F, 0xF81F, 0xF81F, 0xF81F,   // 0x03D0 (976) pixels
0xF81F, 0xF81F, 0xF81F, 0xF81F, 0x0041, 0x0041, 0x0061, 0x0060, 0x632C, 0xCE79, 0xD699, 0xD679, 0xD679, 0xD699, 0xC617, 0xC618,   // 0x03E0 (992) pixels
0xD699, 0xD699, 0xD699, 0xD699, 0xD679, 0xCE38, 0x9492, 0x4208, 0x0061, 0x8284, 0xDBE4, 0xCBA4, 0x9AE3, 0x6203, 0x28C1, 0x1060,   // 0x03F0 (1008) pixels
0x1041, 0x1881, 0x4982, 0x7A83, 0xB364, 0xEBE3, 0xEBE2, 0xEBE2, 0x82A4, 0xF81F, 0xF81F, 0xF81F, 0xF81F, 0xF81F, 0xF81F, 0xF81F,   // 0x0400 (1024) pixels
0xF81F, 0xF81F, 0xF81F, 0xF81F, 0xF81F, 0xF81F, 0xF81F, 0xF81F, 0xF81F, 0xF81F, 0xF81F, 0xF81F, 0xF81F, 0xF81F, 0xF81F, 0xF81F,   // 0x0410 (1040) pixels
0xF81F, 0xF81F, 0xF81F, 0xF81F, 0xF81F, 0xF81F, 0xF81F, 0xF81F, 0xF81F, 0xF81F, 0xF81F, 0xF81F, 0xF81F, 0xF81F, 0xF81F, 0xF81F,   // 0x0420 (1056) pixels
0xF81F, 0xF81F, 0xF81F, 0x2124, 0x0061, 0x0061, 0x0041, 0x39E7, 0xCE38, 0xD679, 0xD699, 0xD679, 0xAD54, 0x6B4C, 0xA513, 0xD699,   // 0x0430 (1072) pixels
0xD699, 0xD699, 0xD699, 0xD679, 0x9492, 0x2124, 0x0040, 0x0041, 0x92C4, 0xDBE4, 0x7A24, 0x0860, 0x0061, 0x0041, 0x0041, 0x0041,   // 0x0440 (1088) pixels
0x0041, 0x2985, 0x8C71, 0x8C91, 0x4248, 0x6A03, 0xDBC4, 0xEBE2, 0x7223, 0xF81F, 0xF81F, 0xF81F, 0xF81F, 0xF81F, 0xF81F, 0xF81F,   // 0x0450 (1104) pixels
0xF81F, 0xF81F, 0xF81F, 0xF81F, 0xF81F, 0xF81F, 0xF81F, 0xF81F, 0xF81F, 0xF81F, 0xF81F, 0xF81F, 0xF81F, 0xF81F, 0xF81F, 0xF81F,   // 0x0460 (1120) pixels
0xF81F, 0xF81F, 0xF81F, 0xF81F, 0xF81F, 0xF81F, 0xF81F, 0xF81F, 0xF81F, 0xF81F, 0xF81F, 0xF81F, 0xF81F, 0xF81F, 0xF81F, 0xF81F,   // 0x0470 (1136) pixels
0xF81F, 0xF81F, 0xF81F, 0x0041, 0x3A08, 0x0041, 0x0060, 0xAD54, 0xD679, 0xD679, 0xBDB6, 0x52AA, 0x10A2, 0xAD54, 0xD699, 0xD699,   // 0x0480 (1152) pixels
0xD699, 0xD699, 0xC638, 0x5AEB, 0x0040, 0x0040, 0x0040, 0x4162, 0xCBC5, 0xE404, 0xDBC4, 0xA324, 0x3922, 0x0041, 0x0841, 0x0041,   // 0x0490 (1168) pixels
0x0041, 0x8C71, 0xAD55, 0x94B2, 0x6B6D, 0x0860, 0x7A64, 0xE404, 0x28C0, 0x0861, 0x0881, 0x0061, 0x0061, 0x1082, 0x52CB, 0xF81F,   // 0x04A0 (1184) pixels
0xF81F, 0xF81F, 0xF81F, 0xF81F, 0xF81F, 0xF81F, 0xF81F, 0xF81F, 0xF81F, 0xF81F, 0xF81F, 0xF81F, 0xF81F, 0xF81F, 0xF81F, 0xF81F,   // 0x04B0 (1200) pixels
0xF81F, 0xF81F, 0xF81F, 0xF81F, 0xF81F, 0xF81F, 0xF81F, 0xF81F, 0xF81F, 0xF81F, 0xF81F, 0xF81F, 0xF81F, 0xF81F, 0xF81F, 0xF81F,   // 0x04C0 (1216) pixels
0xF81F, 0xF81F, 0xF81F, 0xF81F, 0xF81F, 0x0041, 0x6B2C, 0xD679, 0xD679, 0x9492, 0x10A2, 0x0061, 0x9CD3, 0xD679, 0xD699, 0xD699,   // 0x04D0 (1232) pixels
0xD699, 0xC617, 0x4A49, 0x0061, 0x0040, 0x0040, 0x0040, 0x0040, 0x0840, 0x51A3, 0xA2E4, 0xDBC4, 0xE3E4, 0x92E3, 0x1081, 0x0041,   // 0x04E0 (1248) pixels
0x0041, 0x10C2, 0x0861, 0x0041, 0x0041, 0x0041, 0x1061, 0x9325, 0x5ACA, 0x9CB3, 0x94B2, 0x94B2, 0x8430, 0x634C, 0x2945, 0x0041,   // 0x04F0 (1264) pixels
0x0041, 0x31C7, 0xF81F, 0xF81F, 0xF81F, 0xF81F, 0xF81F, 0xF81F, 0xF81F, 0xF81F, 0xF81F, 0xF81F, 0xF81F, 0xF81F, 0xF81F, 0xF81F,   // 0x0500 (1280) pixels
0xF81F, 0xF81F, 0xF81F, 0xF81F, 0xF81F, 0xF81F, 0xF81F, 0xF81F, 0xF81F, 0xF81F, 0xF81F, 0xF81F, 0xF81F, 0xF81F, 0xF81F, 0xF81F,   // 0x0510 (1296) pixels
0xF81F, 0xF81F, 0xF81F, 0xF81F, 0xF81F, 0x0041, 0xB595, 0xD679, 0x7BEF, 0x0041, 0x0040, 0x6B4C, 0xD679, 0xD699, 0xD699, 0xD699,   // 0x0520 (1312) pixels
0xD679, 0x62EB, 0x2985, 0x8430, 0xA514, 0x5AEB, 0x0040, 0x0040, 0x0040, 0x0040, 0x0040, 0x18A1, 0x9AC4, 0xE3E5, 0xCB85, 0x4162,   // 0x0530 (1328) pixels
0x0061, 0x31C7, 0x7C10, 0x0041, 0x0041, 0x0041, 0x0861, 0x2103, 0xB596, 0xC618, 0xC618, 0xC618, 0xC618, 0xC618, 0xC618, 0xAD55,   // 0x0540 (1344) pixels
0x7BCF, 0x2145, 0x0061, 0x2945, 0xF81F, 0xF81F, 0xF81F, 0xF81F, 0xF81F, 0xF81F, 0xF81F, 0xF81F, 0xF81F, 0xF81F, 0xF81F, 0xF81F,   // 0x0550 (1360) pixels
0xF81F, 0xF81F, 0xF81F, 0xF81F, 0xF81F, 0xF81F, 0xF81F, 0xF81F, 0xF81F, 0xF81F, 0xF81F, 0xF81F, 0xF81F, 0xF81F, 0xF81F, 0xF81F,   // 0x0560 (1376) pixels
0xF81F, 0xF81F, 0xF81F, 0xF81F, 0xF81F, 0x52AA, 0xD679, 0x7BCE, 0x0040, 0x0040, 0x10A2, 0xC5F7, 0xD699, 0xCE58, 0xD679, 0xD679,   // 0x0570 (1392) pixels
0x9CB2, 0x8C50, 0xCE38, 0xBDD7, 0x39E7, 0x0040, 0x0040, 0x0040, 0x0040, 0x0040, 0x0040, 0x0060, 0x0061, 0x4163, 0xBB65, 0xDBE5,   // 0x0580 (1408) pixels
0x61E3, 0x0861, 0x0861, 0x0861, 0x39E7, 0x6B4D, 0x31A6, 0x8430, 0xA514, 0xC618, 0xC618, 0xC618, 0xC618, 0xC618, 0xCE18, 0xCE18,   // 0x0590 (1424) pixels
0xCE18, 0xBDF7, 0x9472, 0x3186, 0xF81F, 0xF81F, 0xF81F, 0xF81F, 0xF81F, 0xF81F, 0xF81F, 0xF81F, 0xF81F, 0xF81F, 0xF81F, 0xF81F,   // 0x05A0 (1440) pixels
0xF81F, 0xF81F, 0xF81F, 0xF81F, 0xF81F, 0xF81F, 0xF81F, 0xF81F, 0xF81F, 0xF81F, 0xF81F, 0xF81F, 0xF81F, 0xF81F, 0xF81F, 0xF81F,   // 0x05B0 (1456) pixels
0xF81F, 0xF81F, 0xF81F, 0xF81F, 0x0060, 0x94B2, 0x8C51, 0x0041, 0x0040, 0x0040, 0x7BAE, 0xD679, 0xCE38, 0x8410, 0xD679, 0xD699,   // 0x05C0 (1472) pixels
0xBDD6, 0xD699, 0xC5F7, 0x3186, 0x0040, 0x0040, 0x0040, 0x0040, 0x0040, 0x0040, 0x0040, 0x0040, 0x0040, 0x0040, 0x0860, 0x92C4,   // 0x05D0 (1488) pixels
0xD3E4, 0x9B26, 0x3943, 0xB596, 0xCE38, 0xCE38, 0xBDB6, 0xC618, 0xC618, 0xC618, 0xC618, 0xC618, 0xCE38, 0xB596, 0xBDB7, 0xC618,   // 0x05E0 (1504) pixels
0xC618, 0xC618, 0xC618, 0xC5F7, 0x7BEF, 0x0881, 0x4A49, 0xF81F, 0xF81F, 0xF81F, 0xF81F, 0xF81F, 0xF81F, 0xF81F, 0xF81F, 0xF81F,   // 0x05F0 (1520) pixels
0xF81F, 0xF81F, 0xF81F, 0xF81F, 0xF81F, 0xF81F, 0xF81F, 0xF81F, 0xF81F, 0xF81F, 0xF81F, 0xF81F, 0xF81F, 0xF81F, 0x18E3, 0x0061,   // 0x0600 (1536) pixels
0x0061, 0x0061, 0x0041, 0x0041, 0x0060, 0x8C50, 0x0861, 0x0040, 0x0040, 0x0040, 0xB575, 0xCE58, 0x5AEB, 0x9491, 0xD679, 0xD699,   // 0x0610 (1552) pixels
0xD679, 0xCE38, 0x4228, 0x0040, 0x0040, 0x0040, 0x0040, 0x0040, 0x0040, 0x0040, 0x0040, 0x0040, 0x0861, 0x0060, 0x18E3, 0x10C3,   // 0x0620 (1568) pixels
0x7243, 0xE3E4, 0x7264, 0xB596, 0xC618, 0xC618, 0xC618, 0xC618, 0xC618, 0xC618, 0xC5F8, 0xAD55, 0xA534, 0xB596, 0x8410, 0x6B4D,   // 0x0630 (1584) pixels
0xAD34, 0xC618, 0xC638, 0xC618, 0xCE38, 0xAD34, 0x39C7, 0xF81F, 0xF81F, 0xF81F, 0xF81F, 0xF81F, 0xF81F, 0xF81F, 0xF81F, 0xF81F,   // 0x0640 (1600) pixels
0xF81F, 0xF81F, 0xF81F, 0xF81F, 0xF81F, 0xF81F, 0xF81F, 0xF81F, 0xF81F, 0xF81F, 0xF81F, 0x5AEB, 0x0041, 0x18E3, 0x632C, 0x8C91,   // 0x0650 (1616) pixels
0xA534, 0xB5B6, 0xBDF7, 0x52AA, 0x0041, 0x10C2, 0x0040, 0x0040, 0x0040, 0x18E3, 0xCE58, 0x73AE, 0x0040, 0xAD54, 0xD679, 0xD699,   // 0x0660 (1632) pixels
0xD679, 0x6B6D, 0x0040, 0x0040, 0x0040, 0x0040, 0x0040, 0x0040, 0x0040, 0x0040, 0x0040, 0x0041, 0x0041, 0x5AEB, 0x94B2, 0x7BEF,   // 0x0670 (1648) pixels
0x0841, 0x7243, 0x5A24, 0xAD34, 0xC618, 0xC618, 0xC618, 0xC618, 0xC618, 0xC618, 0xCE38, 0xC618, 0x94B2, 0x2965, 0x2124, 0x0041,   // 0x0680 (1664) pixels
0x0041, 0x630C, 0xB596, 0xC618, 0xC618, 0xCE38, 0xBD96, 0x4A49, 0x2965, 0xF81F, 0xF81F, 0xF81F, 0xF81F, 0xF81F, 0xF81F, 0xF81F,   // 0x0690 (1680) pixels
0xF81F, 0xF81F, 0xF81F, 0xF81F, 0xF81F, 0xF81F, 0xF81F, 0xF81F, 0xF81F, 0x5AEB, 0x0861, 0x5ACB, 0xA514, 0xC638, 0xCE79, 0xCE79,   // 0x06A0 (1696) pixels
0xCE79, 0xCE79, 0xCE59, 0x18E3, 0x0041, 0x0041, 0x2124, 0x0041, 0x0040, 0x5AEB, 0xA514, 0x0040, 0x0040, 0xBDB6, 0xD699, 0xD679,   // 0x06B0 (1712) pixels
0x9CD3, 0x0040, 0x0040, 0x0040, 0x0040, 0x1903, 0x0040, 0x0040, 0x0040, 0x0040, 0x0040, 0x0041, 0x0041, 0x0061, 0x0061, 0x0061,   // 0x06C0 (1728) pixels
0x632C, 0x6B8E, 0x18C3, 0xC5F7, 0xC618, 0xC618, 0xC618, 0xC618, 0xC618, 0xC618, 0xC618, 0xC618, 0xC638, 0xB596, 0x31A6, 0x0040,   // 0x06D0 (1744) pixels
0x18A0, 0x72C4, 0x18E3, 0x9471, 0xC618, 0xC618, 0xCE18, 0xBDD7, 0x39E7, 0x2145, 0xF81F, 0xF81F, 0xF81F, 0xF81F, 0xF81F, 0xF81F,   // 0x06E0 (1760) pixels
0xF81F, 0xF81F, 0xF81F, 0xF81F, 0xF81F, 0xF81F, 0xF81F, 0xF81F, 0x0041, 0x4228, 0xAD75, 0xCE79, 0xCE79, 0xCE79, 0xCE79, 0xCE79,   // 0x06F0 (1776) pixels
0xCE79, 0xCE79, 0xBE18, 0x0041, 0x0041, 0x31A6, 0xA555, 0x0041, 0x0040, 0x632C, 0x31A6, 0x0040, 0x0040, 0xBDB6, 0xD699, 0xCE18,   // 0x0700 (1792) pixels
0x2124, 0x0040, 0x0040, 0x0040, 0x0861, 0x39E7, 0x0040, 0x0040, 0x0040, 0x0040, 0x0040, 0x0040, 0x0041, 0x0041, 0x31A6, 0xA514,   // 0x0710 (1808) pixels
0xCE18, 0xC618, 0xA4F3, 0xCE38, 0xC618, 0xC618, 0xC618, 0xC618, 0xC618, 0xC618, 0xC618, 0xC618, 0xC618, 0xCE18, 0xA534, 0x0861,   // 0x0720 (1824) pixels
0x6244, 0xB3E5, 0x0061, 0x0041, 0x6B2D, 0xBDD7, 0xC618, 0xC618, 0xAD55, 0x0861, 0x528A, 0xF81F, 0xF81F, 0xF81F, 0xF81F, 0xF81F,   // 0x0730 (1840) pixels
0xF81F, 0xF81F, 0xF81F, 0xF81F, 0xF81F, 0xF81F, 0xF81F, 0x7BCF, 0x632C, 0xC638, 0xCE79, 0xCE79, 0xCE79, 0xCE79, 0xC618, 0xA514,   // 0x0740 (1856) pixels
0x7C0F, 0x52AA, 0x1904, 0x0041, 0x2144, 0xB5B6, 0xB5D7, 0x0041, 0x0040, 0x0041, 0x0040, 0x0040, 0x0040, 0xB575, 0xD699, 0x7BCF,   // 0x0750 (1872) pixels
0x0040, 0x0040, 0x0040, 0x0041, 0x18E3, 0x31A6, 0x0041, 0x0041, 0x0041, 0x0041, 0x0041, 0x0041, 0x0041, 0x52AA, 0xBDD7, 0xC618,   // 0x0760 (1888) pixels
0xCE18, 0xCE18, 0xC618, 0xCE18, 0xC618, 0xC618, 0xC618, 0xC618, 0xC618, 0xC618, 0xC618, 0xC618, 0xC618, 0xBD96, 0xBDF7, 0x7C10,   // 0x0770 (1904) pixels
0x2901, 0xCCA6, 0x82E4, 0x8B45, 0x1061, 0x4A49, 0xAD55, 0xC618, 0x94D2, 0x4A89, 0x0041, 0xF81F, 0xF81F, 0xF81F, 0xF81F, 0xF81F,   // 0x0780 (1920) pixels
0xF81F, 0xF81F, 0xF81F, 0xF81F, 0xF81F, 0xF81F, 0x1082, 0x0041, 0x8430, 0xBDD7, 0xCE79, 0xCE59, 0xAD55, 0x6B8E, 0x18E3, 0x1061,   // 0x0790 (1936) pixels
0x6AA6, 0x0040, 0x0041, 0x0041, 0x2104, 0x73AE, 0x8C71, 0x0040, 0x0040, 0x0040, 0x0040, 0x0040, 0x0040, 0xA514, 0xC5F7, 0x1082,   // 0x07A0 (1952) pixels
0x0061, 0x0041, 0x0041, 0x0041, 0x0040, 0x0040, 0x0041, 0x0041, 0x0041, 0x0041, 0x0041, 0x0041, 0x0041, 0x2985, 0x73AE, 0xAD55,   // 0x07B0 (1968) pixels
0xC618, 0xB596, 0x9CF3, 0x8C51, 0x8C51, 0xB596, 0xC618, 0xC618, 0xC618, 0xC618, 0xC618, 0xC618, 0xC618, 0xC618, 0x7BCF, 0x6B8D,   // 0x07C0 (1984) pixels
0x10C3, 0x49A2, 0x9B85, 0x72C3, 0x0042, 0x0041, 0x0061, 0x2124, 0x0040, 0x0840, 0x0041, 0xF81F, 0xF81F, 0xF81F, 0xF81F, 0xF81F,   // 0x07D0 (2000) pixels
0xF81F, 0xF81F, 0xF81F, 0xF81F, 0x20A1, 0x7243, 0x9AE5, 0x92A4, 0x2902, 0x4A49, 0x73AE, 0x39C7, 0x0041, 0x49C4, 0x0061, 0x5A23,   // 0x07E0 (2016) pixels
0xC446, 0x0060, 0x0841, 0x6B6D, 0xB5B6, 0xCE79, 0xB575, 0x0040, 0x0040, 0x0040, 0x0040, 0x0040, 0x0041, 0x632C, 0x5AEB, 0x0061,   // 0x07F0 (2032) pixels
0x0061, 0x0060, 0x18E3, 0x5ACA, 0x83AE, 0x9450, 0x9CB2, 0xA4B2, 0xA4B2, 0x9C91, 0x9430, 0x7B8E, 0x62CA, 0x2944, 0x0041, 0x0040,   // 0x0800 (2048) pixels
0x2144, 0x0041, 0x31C6, 0x9492, 0xC618, 0xC618, 0xC618, 0xC618, 0xC618, 0xC618, 0xC618, 0xCE18, 0xCE18, 0xC618, 0xC618, 0xA4F3,   // 0x0810 (2064) pixels
0x62EB, 0x18E3, 0x0040, 0x0040, 0x0061, 0x0041, 0x0042, 0x7244, 0xC384, 0xDBE5, 0xBB64, 0x61C2, 0x39E7, 0xF81F, 0xF81F, 0xF81F,   // 0x0820 (2080) pixels
0xF81F, 0xF81F, 0xF81F, 0x7A63, 0xDBC5, 0xEBE3, 0xE3C3, 0xEBE4, 0xD3E5, 0x4183, 0x0041, 0x0041, 0x0041, 0xA3C5, 0xC466, 0xCCC6,   // 0x0830 (2096) pixels
0x6263, 0x18E3, 0x9492, 0xC638, 0xCE79, 0xCE79, 0xB5B6, 0x0040, 0x0040, 0x0040, 0x0040, 0x0041, 0x0041, 0x0061, 0x0061, 0x0061,   // 0x0840 (2112) pixels
0x0060, 0x5289, 0x9C91, 0xACF3, 0xACD3, 0xACD3, 0xACF3, 0xACF3, 0xACF3, 0xACF3, 0xACF3, 0xACF2, 0xACF2, 0xA4D2, 0x9430, 0x62EB,   // 0x0850 (2128) pixels
0x18A2, 0x0041, 0x6B4D, 0xBDD7, 0xC618, 0xC618, 0xCE18, 0xCE18, 0xC618, 0xC618, 0xAD55, 0x8C71, 0x7BEF, 0x6B6D, 0x632C, 0x630C,   // 0x0860 (2144) pixels
0x6B0C, 0x7287, 0x7A43, 0x8284, 0x8AC4, 0xAB03, 0xCBA3, 0xE403, 0xCB84, 0xAB03, 0xE3E3, 0xEBE3, 0x8A83, 0x39C7, 0xF81F, 0xF81F,   // 0x0870 (2160) pixels
0xF81F, 0xF81F, 0x8284, 0xEBE3, 0xEBE2, 0xEBE2, 0xD3C4, 0x8263, 0xD3E4, 0xDBA4, 0x61E2, 0x0061, 0x0041, 0x0060, 0x3122, 0x1881,   // 0x0880 (2176) pixels
0x2985, 0x9D14, 0xAD55, 0xC618, 0xCE79, 0xCE79, 0xC618, 0x0040, 0x0040, 0x0040, 0x0040, 0x0040, 0x0040, 0x0041, 0x0041, 0x0041,   // 0x0890 (2192) pixels
0x0040, 0x0060, 0x39A6, 0x736D, 0xA492, 0xACD3, 0xACD3, 0xACD3, 0xA4B2, 0xA492, 0xACD3, 0xACF3, 0xACF3, 0xACD3, 0xACD3, 0xACF3,   // 0x08A0 (2208) pixels
0x9C91, 0x6B2C, 0x10A2, 0x31A6, 0xA514, 0xC638, 0xCE18, 0xBDB7, 0x8430, 0x31A6, 0x0041, 0x0041, 0x0041, 0x0061, 0x59E3, 0xBB24,   // 0x08B0 (2224) pixels
0xDBE5, 0xEC05, 0xE404, 0xEC03, 0xEBE2, 0xEBE2, 0xEBE2, 0xE3E3, 0xBB65, 0xDBC4, 0xEBE2, 0xEBE2, 0xE3E3, 0x6A23, 0xF81F, 0xF81F,   // 0x08C0 (2240) pixels
0xF81F, 0x20A1, 0xE3E4, 0xEBE1, 0xEBE2, 0xEBC2, 0xEBC2, 0xEC03, 0xE3C4, 0xEBE2, 0xE3E3, 0xB345, 0x6A02, 0x0861, 0x0881, 0x39E7,   // 0x08D0 (2256) pixels
0x4A49, 0x73AE, 0xAD75, 0xCE79, 0xCE79, 0xCE79, 0xCE79, 0x2945, 0x0040, 0x0040, 0x0040, 0x0041, 0x0041, 0x0041, 0x0041, 0x39C6,   // 0x08E0 (2272) pixels
0x7B8D, 0x9C71, 0xACF3, 0xACD3, 0xACD3, 0xACD3, 0xACF3, 0xACF3, 0xACF3, 0x83EF, 0x4208, 0x5AAA, 0x83CE, 0xA4B2, 0xACF2, 0xACF3,   // 0x08F0 (2288) pixels
0xACF3, 0xACF3, 0x9C71, 0x4207, 0x0861, 0x8410, 0x94B2, 0x2124, 0x0061, 0x0041, 0x0040, 0x0040, 0x0041, 0x92E4, 0xEBE3, 0xB3A5,   // 0x0900 (2304) pixels
0x59E3, 0x28C1, 0x20A0, 0x4982, 0x7243, 0xA304, 0xCBA3, 0xEBE3, 0xEBE2, 0xEBE2, 0xEBC2, 0xEBE2, 0xEBC2, 0xBB64, 0x1903, 0xF81F,   // 0x0910 (2320) pixels
0xF81F, 0x6A44, 0xEBE2, 0xEBC2, 0xEBC2, 0xEBC2, 0xEBE2, 0xEBE2, 0xE423, 0xE404, 0xEBE4, 0xEBE3, 0xEBE2, 0xD3C4, 0x9B24, 0x734D,   // 0x0920 (2336) pixels
0x9CF3, 0xBDD7, 0xCE79, 0xCE79, 0xCE79, 0xCE79, 0xB5B6, 0x4228, 0x0040, 0x0040, 0x0041, 0x0041, 0x0041, 0x4207, 0x8C0F, 0xACD2,   // 0x0930 (2352) pixels
0xACF3, 0xACD3, 0xACD3, 0xACD3, 0xACD3, 0xACD3, 0xA4B2, 0x7BAE, 0x39A6, 0x2124, 0x2965, 0x0040, 0x0040, 0x18C3, 0x62EB, 0x9C71,   // 0x0940 (2368) pixels
0xACF3, 0xACD3, 0xACF3, 0xA4D2, 0x5A89, 0x0060, 0x0041, 0x8430, 0x9CD3, 0x94B2, 0x4A89, 0x0040, 0x0040, 0x3902, 0xB324, 0xEC03,   // 0x0950 (2384) pixels
0xAB25, 0x1881, 0x0040, 0x0041, 0x0040, 0x0040, 0x0841, 0x51C2, 0xBB24, 0xEBE3, 0xEBE2, 0xEBC2, 0xEBE2, 0xDBC5, 0x0060, 0xF81F,   // 0x0960 (2400) pixels
0xF81F, 0x8284, 0xEBE1, 0xEBE2, 0xEBE3, 0xC344, 0x92A3, 0x6203, 0x3942, 0x2081, 0x28E1, 0x51C3, 0x7A43, 0xA324, 0xDBA4, 0xDBE4,   // 0x0970 (2416) pixels
0x7A43, 0x0861, 0x5ACB, 0x9CF3, 0xC659, 0x9CF3, 0x0041, 0x0040, 0x0040, 0x0041, 0x0060, 0x2924, 0x83CE, 0xACF2, 0xACD3, 0xACF3,   // 0x0980 (2432) pixels
0xACF3, 0xACD3, 0xACD3, 0xACD3, 0xACD3, 0xACD3, 0xACD3, 0xACD3, 0xA4D2, 0x7B6D, 0x10A2, 0x0061, 0x51E3, 0xA386, 0x0060, 0x1081,   // 0x0990 (2448) pixels
0x6AEB, 0xA491, 0xACD2, 0xACF2, 0xA492, 0x39C6, 0x0041, 0x8C51, 0x8C51, 0x31A6, 0x0040, 0x0040, 0x0040, 0x0040, 0x0041, 0x7A63,   // 0x09A0 (2464) pixels
0xE3C3, 0xBB64, 0x1081, 0x0041, 0x0040, 0xF81F, 0xF81F, 0xF81F, 0xF81F, 0x69E2, 0xDBA4, 0xEBC2, 0xEBC2, 0xDBC4, 0x0860, 0xF81F,   // 0x09B0 (2480) pixels
0xF81F, 0xF81F, 0xE3E2, 0xDBE4, 0x7243, 0x31A6, 0xF81F, 0xF81F, 0x1904, 0x0041, 0x0041, 0x0040, 0x0040, 0x0061, 0x0861, 0x8285,   // 0x09C0 (2496) pixels
0xDBC4, 0x8AA4, 0x0061, 0x0041, 0x39E7, 0x9CF3, 0x8451, 0x0882, 0x0041, 0x0060, 0x5AAA, 0x9C92, 0x9471, 0x7BAE, 0x738D, 0x9C91,   // 0x09D0 (2512) pixels
0xACF3, 0xACD3, 0xACD3, 0xACD3, 0xACD3, 0xACD3, 0xACD3, 0xACD3, 0xACD3, 0xACF2, 0x8C0F, 0x10A2, 0x4182, 0xCC86, 0x20C1, 0x41A3,   // 0x09E0 (2528) pixels
0x3143, 0x18C3, 0x6B2C, 0x83EF, 0x3165, 0x2124, 0x0041, 0x0041, 0x0041, 0x0041, 0x0040, 0x0040, 0x0040, 0x0040, 0x0040, 0x0061,   // 0x09F0 (2544) pixels
0x61E3, 0xDBC4, 0xAB44, 0x0841, 0x0040, 0xF81F, 0xF81F, 0xF81F, 0xF81F, 0xF81F, 0xF81F, 0xE3E4, 0xEBE2, 0xC343, 0x2124, 0xF81F,   // 0x0A00 (2560) pixels
0xF81F, 0xF81F, 0xE3E4, 0x82A4, 0xF81F, 0xF81F, 0xF81F, 0xF81F, 0xF81F, 0x0861, 0x0041, 0x0060, 0x0060, 0x3102, 0x9AE4, 0xD3C3,   // 0x0A10 (2576) pixels
0xEC03, 0xD3E5, 0x4163, 0x0040, 0x0040, 0x0041, 0x738E, 0x5AEB, 0x0041, 0x5289, 0x6B2C, 0x3185, 0x10A2, 0x7BAD, 0xA4D2, 0xACD3,   // 0x0A20 (2592) pixels
0xACD3, 0xACD3, 0xACD3, 0xACD3, 0xACD3, 0xACD3, 0xACD3, 0xACD3, 0xACD3, 0xA4B2, 0x9CB1, 0x840F, 0x18C2, 0x8B24, 0xCC86, 0xB425,   // 0x0A30 (2608) pixels
0x3142, 0x0041, 0x0060, 0x0061, 0x5182, 0xAB25, 0xBB63, 0x92A3, 0x30E1, 0x0060, 0x0041, 0x0040, 0x0040, 0x0040, 0x0040, 0x0040,   // 0x0A40 (2624) pixels
0x0041, 0x6A02, 0xE3E3, 0x8284, 0x0041, 0xF81F, 0xF81F, 0xF81F, 0xF81F, 0xF81F, 0xF81F, 0xF81F, 0xEBE3, 0x7A43, 0xF81F, 0xF81F,   // 0x0A50 (2640) pixels
0xF81F, 0xF81F, 0x9B46, 0xF81F, 0xF81F, 0xF81F, 0xF81F, 0xF81F, 0xF81F, 0x0841, 0x0041, 0x0861, 0x8AA3, 0xDBC5, 0xE3C4, 0xAB24,   // 0x0A60 (2656) pixels
0x6A03, 0x0840, 0x0041, 0x0040, 0x0040, 0x0041, 0x0041, 0x0041, 0x0041, 0x0041, 0x0061, 0x2965, 0x9430, 0xACF3, 0xACD3, 0xACD3,   // 0x0A70 (2672) pixels
0xACD3, 0xACD3, 0xACD3, 0xACD3, 0xACD3, 0xACD3, 0xACD3, 0xACD3, 0xACD3, 0xACD3, 0x7BAE, 0x39E7, 0x31A6, 0x0060, 0x0061, 0x0060,   // 0x0A80 (2688) pixels
0x0041, 0x0041, 0x0860, 0x8263, 0xE3E3, 0xDBE3, 0xC3A4, 0xEBE2, 0xDBE4, 0x7223, 0x0041, 0x0041, 0x0040, 0x0040, 0x0040, 0x0040,   // 0x0A90 (2704) pixels
0x0040, 0x0061, 0x8A83, 0xE3E4, 0x49A2, 0xF81F, 0xF81F, 0xF81F, 0xF81F, 0xF81F, 0xF81F, 0xF81F, 0xAB44, 0x3186, 0xF81F, 0xF81F,   // 0x0AA0 (2720) pixels
0xF81F, 0xF81F, 0xF81F, 0xF81F, 0xF81F, 0xF81F, 0xF81F, 0xF81F, 0xF81F, 0x0061, 0x3922, 0xBB64, 0xE3E3, 0xA304, 0x28E1, 0x0040,   // 0x0AB0 (2736) pixels
0x0040, 0x0040, 0x0040, 0x0040, 0x630C, 0x632C, 0x0041, 0x0041, 0x0041, 0x0041, 0x2965, 0x9471, 0xACF3, 0xACD3, 0xACD3, 0xACD3,   // 0x0AC0 (2752) pixels
0xACF3, 0xACD2, 0xA4B2, 0xACD3, 0xACD3, 0xACD3, 0xACD3, 0xACD3, 0xACD3, 0xACD3, 0xACF3, 0x9CB2, 0x83CE, 0x5288, 0x0861, 0x1881,   // 0x0AD0 (2768) pixels
0x59C3, 0x92C4, 0xCB84, 0xEBE2, 0xCBC4, 0x92C4, 0xD3C4, 0xEBE2, 0xEBC2, 0xE3E4, 0x6A04, 0x0061, 0x0040, 0x0040, 0x0040, 0x0061,   // 0x0AE0 (2784) pixels
0xF81F, 0xF81F, 0x0061, 0xB324, 0xBB63, 0xF81F, 0xF81F, 0xF81F, 0xF81F, 0xF81F, 0xF81F, 0xF81F, 0x2104, 0xF81F, 0xF81F, 0xF81F,   // 0x0AF0 (2800) pixels
0xF81F, 0xF81F, 0xF81F, 0xF81F, 0xF81F, 0xF81F, 0xF81F, 0xF81F, 0x0841, 0x51C3, 0xD3C4, 0xCB84, 0x51A2, 0x0041, 0x0040, 0x0040,   // 0x0B00 (2816) pixels
0x0040, 0x0040, 0x0040, 0x0040, 0x0041, 0x0041, 0x4208, 0x6B6D, 0x0061, 0x10A2, 0x9450, 0xACF2, 0xACF2, 0xACF3, 0x9450, 0x734C,   // 0x0B10 (2832) pixels
0x4A28, 0x83CF, 0xACD3, 0xACD3, 0xACD3, 0xACF3, 0xACD3, 0xACF3, 0xA4B2, 0x8BEF, 0x6B0B, 0x4208, 0x28E3, 0x8AA4, 0xC363, 0xE3E4,   // 0x0B20 (2848) pixels
0xEBE3, 0xEBE2, 0xF3E2, 0xEBC2, 0xEBE3, 0xEBE2, 0xEBE2, 0xEBE2, 0xEBC2, 0xEBE2, 0xCBA3, 0x0041, 0x0040, 0x0040, 0x0040, 0xF81F,   // 0x0B30 (2864) pixels
0xF81F, 0xF81F, 0xF81F, 0x28E2, 0xD3C5, 0xB3A6, 0xF81F, 0xF81F, 0xF81F, 0xF81F, 0xF81F, 0xF81F, 0xF81F, 0xF81F, 0xF81F, 0xF81F,   // 0x0B40 (2880) pixels
0xF81F, 0xF81F, 0xF81F, 0xF81F, 0xF81F, 0xF81F, 0xF81F, 0x4184, 0x8B05, 0xDBE5, 0x9AE4, 0x1861, 0x0041, 0x0041, 0x0040, 0x0040,   // 0x0B50 (2896) pixels
0x0040, 0x0040, 0x0040, 0x0040, 0x0041, 0x0041, 0x4228, 0x52CA, 0x0060, 0x83CE, 0xACF3, 0xACF2, 0x8C2F, 0x4A48, 0x0840, 0x4228,   // 0x0B60 (2912) pixels
0x9C92, 0xACD3, 0xACD3, 0xACD3, 0xACF3, 0xACF3, 0x9450, 0x5AAA, 0x0881, 0x0040, 0x0041, 0x6A23, 0xCBE5, 0xD3A4, 0xAB25, 0x92E4,   // 0x0B70 (2928) pixels
0x7A62, 0x7A43, 0x8AC4, 0xA2E4, 0xC365, 0xDBC4, 0xE3E3, 0xEBE2, 0xEBC2, 0xEBC2, 0xE3E3, 0x28C1, 0x0041, 0x0040, 0x0041, 0xF81F,   // 0x0B80 (2944) pixels
0xF81F, 0xF81F, 0xF81F, 0xF81F, 0x7243, 0xDBE4, 0xF81F, 0xF81F, 0xF81F, 0xF81F, 0xF81F, 0xF81F, 0xF81F, 0xF81F, 0xF81F, 0xF81F,   // 0x0B90 (2960) pixels
0xF81F, 0xF81F, 0xF81F, 0xF81F, 0xF81F, 0xF81F, 0xF81F, 0x7A84, 0xE3E4, 0x8264, 0xF81F, 0xF81F, 0xF81F, 0xF81F, 0x0040, 0x0040,   // 0x0BA0 (2976) pixels
0x0040, 0x0040, 0x0040, 0x0041, 0x0040, 0x0040, 0x0041, 0x0041, 0x5A89, 0xACD2, 0x9CB1, 0x5AAA, 0x0041, 0x0041, 0x5249, 0xA4D2,   // 0x0BB0 (2992) pixels
0xACF3, 0xACD3, 0xACD3, 0xACD3, 0xA4B2, 0x62EB, 0x0061, 0x0040, 0x0040, 0x0041, 0x7A64, 0xE3E4, 0xC385, 0x4162, 0x0840, 0x0840,   // 0x0BC0 (3008) pixels
0x0061, 0x0040, 0x0040, 0x0040, 0x0040, 0x1881, 0x7A63, 0xCBA3, 0xEBE2, 0xF3C1, 0xEBE3, 0x3901, 0x0041, 0x0020, 0x0882, 0xF81F,   // 0x0BD0 (3024) pixels
0xF81F, 0xF81F, 0xF81F, 0xF81F, 0x4208, 0x7285, 0xF81F, 0xF81F, 0xF81F, 0xF81F, 0xF81F, 0xF81F, 0xF81F, 0xF81F, 0xF81F, 0xF81F,   // 0x0BE0 (3040) pixels
0xF81F, 0xF81F, 0xF81F, 0xF81F, 0xF81F, 0xF81F, 0xF81F, 0x6A64, 0x7A43, 0xF81F, 0xF81F, 0xF81F, 0xF81F, 0xF81F, 0xF81F, 0x0040,   // 0x0BF0 (3056) pixels
0x0040, 0x0040, 0x0040, 0x0040, 0x0040, 0x0040, 0x0041, 0x0881, 0x9C71, 0x9450, 0x3165, 0x0040, 0x0041, 0x39C7, 0xA4B2, 0xACD3,   // 0x0C00 (3072) pixels
0xACD3, 0xACD3, 0xACD3, 0x9C91, 0x39C7, 0x0060, 0x0040, 0x0040, 0x0040, 0x0041, 0x4982, 0xA2E4, 0xD3E5, 0xDBC4, 0x8AA4, 0x0861,   // 0x0C10 (3088) pixels
0x0040, 0x0041, 0x0041, 0x0041, 0x0041, 0x0041, 0x0061, 0x20C1, 0xBB64, 0xEBE2, 0xDBE4, 0x1061, 0x0041, 0x1904, 0xF81F, 0xF81F,   // 0x0C20 (3104) pixels
0xF81F, 0xF81F, 0xF81F, 0xF81F, 0xF81F, 0xF81F, 0xF81F, 0xF81F, 0xF81F, 0xF81F, 0xF81F, 0xF81F, 0xF81F, 0xF81F, 0xF81F, 0xF81F,   // 0x0C30 (3120) pixels
0xF81F, 0xF81F, 0xF81F, 0xF81F, 0xF81F, 0xF81F, 0xF81F, 0xF81F, 0xF81F, 0xF81F, 0xF81F, 0xF81F, 0xF81F, 0xF81F, 0xF81F, 0x7BCF,   // 0x0C40 (3136) pixels
0x0040, 0x0040, 0x0040, 0x0040, 0x1903, 0x0040, 0x0061, 0x62EB, 0x8C0F, 0x10C2, 0x0041, 0x0040, 0x08A1, 0x9450, 0xACF2, 0xACD3,   // 0x0C50 (3152) pixels
0xA4B2, 0xACD3, 0xA4B2, 0x39A6, 0x5289, 0x83AE, 0x9430, 0x5AEB, 0x0882, 0x0040, 0x0040, 0x0041, 0x20C1, 0xA2E4, 0xE3E3, 0xBB65,   // 0x0C60 (3168) pixels
0x28C1, 0x0041, 0x0040, 0x10C2, 0x2965, 0x2985, 0x2985, 0x2985, 0x28E1, 0xE3C4, 0xB343, 0x0061, 0x0040, 0xF81F, 0xF81F, 0xF81F,   // 0x0C70 (3184) pixels
0xF81F, 0xF81F, 0xF81F, 0xF81F, 0xF81F, 0xF81F, 0xF81F, 0xF81F, 0xF81F, 0xF81F, 0xF81F, 0xF81F, 0xF81F, 0xF81F, 0xF81F, 0xF81F,   // 0x0C80 (3200) pixels
0xF81F, 0xF81F, 0xF81F, 0xF81F, 0xF81F, 0xF81F, 0xF81F, 0xF81F, 0xF81F, 0xF81F, 0xF81F, 0xF81F, 0xF81F, 0xF81F, 0xF81F, 0x0040,   // 0x0C90 (3216) pixels
0x0040, 0x0040, 0x0040, 0x0040, 0x39E7, 0x0060, 0x0061, 0x630C, 0x1082, 0x0040, 0x0040, 0x0040, 0x6B2C, 0xA4F3, 0x9CB2, 0x62CA,   // 0x0CA0 (3232) pixels
0xACD2, 0xACD3, 0x8BEF, 0x9C71, 0xACD3, 0x9430, 0x3186, 0x0040, 0x0041, 0x0040, 0x0040, 0x0040, 0x0040, 0x0061, 0x5A03, 0xD3A4,   // 0x0CB0 (3248) pixels
0xCBA4, 0x3902, 0x0060, 0x10C2, 0x4A89, 0x4A89, 0x4A89, 0x4A89, 0x10E2, 0xB365, 0x4983, 0x0840, 0x0020, 0xF81F, 0xF81F, 0xF81F,   // 0x0CC0 (3264) pixels
0xF81F, 0xF81F, 0xF81F, 0xF81F, 0xF81F, 0xF81F, 0xF81F, 0xF81F, 0xF81F, 0xF81F, 0xF81F, 0xF81F, 0xF81F, 0xF81F, 0xF81F, 0xF81F,   // 0x0CD0 (3280) pixels
0xF81F, 0xF81F, 0xF81F, 0xF81F, 0xF81F, 0xF81F, 0xF81F, 0xF81F, 0xF81F, 0xF81F, 0xF81F, 0xF81F, 0xF81F, 0xF81F, 0xF81F, 0x0040,   // 0x0CE0 (3296) pixels
0x0040, 0x0040, 0x0040, 0x0040, 0x3A07, 0x0040, 0x0041, 0x0041, 0x0040, 0x0040, 0x0040, 0x1082, 0x9C91, 0x9470, 0x3185, 0x736D,   // 0x0CF0 (3312) pixels
0xACF2, 0xACD3, 0xACD3, 0xACD3, 0x7B8E, 0x0881, 0x0040, 0x0040, 0x0040, 0x0040, 0x0040, 0x0040, 0x0040, 0x0040, 0x0040, 0x3942,   // 0x0D00 (3328) pixels
0xCB64, 0xCB84, 0x28E1, 0x0040, 0x0041, 0x0040, 0x0040, 0x0040, 0x0061, 0x41C4, 0x0841, 0x0040, 0x0040, 0xF81F, 0xF81F, 0xF81F,   // 0x0D10 (3344) pixels
0xF81F, 0xF81F, 0xF81F, 0xF81F, 0xF81F, 0xF81F, 0xF81F, 0xF81F, 0xF81F, 0xF81F, 0xF81F, 0xF81F, 0xF81F, 0xF81F, 0xF81F, 0xF81F,   // 0x0D20 (3360) pixels
0xF81F, 0xF81F, 0xF81F, 0xF81F, 0xF81F, 0xF81F, 0xF81F, 0xF81F, 0xF81F, 0xF81F, 0xF81F, 0xF81F, 0xF81F, 0xF81F, 0xF81F, 0x0040,   // 0x0D30 (3376) pixels
0x0041, 0x0040, 0x0040, 0x0040, 0x31C6, 0x0040, 0x0041, 0x0040, 0x0041, 0x0040, 0x0040, 0x5A8A, 0x9471, 0x2124, 0x0041, 0x9471,   // 0x0D40 (3392) pixels
0xACF2, 0xACD3, 0xACD3, 0x7B8D, 0x0060, 0x0040, 0x0040, 0x0040, 0x0040, 0x0040, 0x0040, 0x0040, 0x0040, 0x0040, 0x0040, 0x0040,   // 0x0D50 (3408) pixels
0x20C1, 0xBB85, 0xBB64, 0x3143, 0x0840, 0x0040, 0x0040, 0x0040, 0x0061, 0x0061, 0x0040, 0x0040, 0x0041, 0xF81F, 0xF81F, 0xF81F,   // 0x0D60 (3424) pixels
0xF81F, 0xF81F, 0xF81F, 0xF81F, 0xF81F, 0xF81F, 0xF81F, 0xF81F, 0xF81F, 0xF81F, 0xF81F, 0xF81F, 0xF81F, 0xF81F, 0xF81F, 0xF81F,   // 0x0D70 (3440) pixels
0xF81F, 0xF81F, 0xF81F, 0xF81F, 0xF81F, 0xF81F, 0xF81F, 0xF81F, 0xF81F, 0xF81F, 0xF81F, 0xF81F, 0xF81F, 0xF81F, 0xF81F, 0x0040,   // 0x0D80 (3456) pixels
0x18E3, 0x1903, 0x0040, 0x0040, 0x0861, 0x0041, 0x0041, 0x0041, 0x0041, 0x0041, 0x0040, 0x736C, 0x3186, 0x0040, 0x18C3, 0xA4F3,   // 0x0D90 (3472) pixels
0xACF3, 0xACF3, 0x83AE, 0x0060, 0x0040, 0x0040, 0x0040, 0x0040, 0x0040, 0x0040, 0x0040, 0x0040, 0x0040, 0x0041, 0x0040, 0x0040,   // 0x0DA0 (3488) pixels
0x0040, 0x28A2, 0xC384, 0xCBC5, 0x3101, 0x0041, 0x0040, 0x0040, 0x0060, 0x0040, 0x0040, 0xF81F, 0xF81F, 0xF81F, 0xF81F, 0xF81F,   // 0x0DB0 (3504) pixels
0xF81F, 0xF81F, 0xF81F, 0xF81F, 0xF81F, 0xF81F, 0xF81F, 0xF81F, 0xF81F, 0xF81F, 0xF81F, 0xF81F, 0xF81F, 0xF81F, 0xF81F, 0xF81F,   // 0x0DC0 (3520) pixels
0xF81F, 0xF81F, 0xF81F, 0xF81F, 0xF81F, 0xF81F, 0xF81F, 0xF81F, 0xF81F, 0xF81F, 0xF81F, 0xF81F, 0xF81F, 0xF81F, 0xF81F, 0x0020,   // 0x0DD0 (3536) pixels
0x31C6, 0x52C9, 0x4A68, 0x3A07, 0x10A2, 0x0041, 0x0041, 0x0041, 0x0041, 0x0040, 0x0040, 0x2123, 0x0040, 0x0040, 0x4A28, 0xACF3,   // 0x0DE0 (3552) pixels
0xACF3, 0x8C0F, 0x0881, 0x0040, 0x0040, 0x0040, 0x10A2, 0x18E3, 0x0040, 0x0040, 0x0040, 0x0040, 0x0040, 0x2986, 0x2945, 0x0040,   // 0x0DF0 (3568) pixels
0x0040, 0x0041, 0x3921, 0xD3E5, 0x3122, 0x0041, 0x0040, 0x1903, 0x39E7, 0x0040, 0x0040, 0xF81F, 0xF81F, 0xF81F, 0xF81F, 0xF81F,   // 0x0E00 (3584) pixels
0xF81F, 0xF81F, 0xF81F, 0xF81F, 0xF81F, 0xF81F, 0xF81F, 0xF81F, 0xF81F, 0xF81F, 0xF81F, 0xF81F, 0xF81F, 0xF81F, 0xF81F, 0xF81F,   // 0x0E10 (3600) pixels
0xF81F, 0xF81F, 0xF81F, 0xF81F, 0xF81F, 0xF81F, 0xF81F, 0xF81F, 0xF81F, 0xF81F, 0xF81F, 0xF81F, 0xF81F, 0xF81F, 0xF81F, 0x0041,   // 0x0E20 (3616) pixels
0x0040, 0x10C2, 0x31C6, 0x4248, 0x10C2, 0x31C6, 0x3A07, 0x2964, 0x0041, 0x0040, 0x0040, 0x0040, 0x0040, 0x0040, 0x5269, 0xA4F3,   // 0x0E30 (3632) pixels
0x9C91, 0x2124, 0x0041, 0x0040, 0x0040, 0x0040, 0x39E7, 0x0881, 0x0040, 0x0040, 0x0040, 0x0040, 0x0040, 0x0041, 0x39E7, 0x10C3,   // 0x0E40 (3648) pixels
0x0040, 0x0040, 0x0041, 0x51A3, 0x0061, 0x0040, 0x0040, 0x2965, 0x4A89, 0x0040, 0x0040, 0xF81F, 0xF81F, 0xF81F, 0xF81F, 0xF81F,   // 0x0E50 (3664) pixels
0xF81F, 0xF81F, 0xF81F, 0xF81F, 0xF81F, 0xF81F, 0xF81F, 0xF81F, 0xF81F, 0xF81F, 0xF81F, 0xF81F, 0xF81F, 0xF81F, 0xF81F, 0xF81F,   // 0x0E60 (3680) pixels
0xF81F, 0xF81F, 0xF81F, 0xF81F, 0xF81F, 0xF81F, 0xF81F, 0xF81F, 0xF81F, 0xF81F, 0xF81F, 0xF81F, 0xF81F, 0xF81F, 0xF81F, 0x18E3,   // 0x0E70 (3696) pixels
0x0040, 0x0040, 0x0040, 0x0040, 0x0041, 0x2985, 0x4248, 0x4A89, 0x0041, 0x0040, 0x0040, 0x0040, 0x0040, 0x0040, 0x5269, 0xACF3,   // 0x0E80 (3712) pixels
0x5269, 0x0040, 0x0040, 0x0040, 0x0040, 0x0040, 0x4A89, 0x0040, 0x0040, 0x0040, 0x0040, 0x0040, 0x0040, 0x0040, 0x0040, 0x2965,   // 0x0E90 (3728) pixels
0x0861, 0x0040, 0x0040, 0x0040, 0x0040, 0x0040, 0x0040, 0x2985, 0x4A89, 0x0040, 0x0040, 0xF81F, 0xF81F, 0xF81F, 0xF81F, 0xF81F,   // 0x0EA0 (3744) pixels
0xF81F, 0xF81F, 0xF81F, 0xF81F, 0xF81F, 0xF81F, 0xF81F, 0xF81F, 0xF81F, 0xF81F, 0xF81F, 0xF81F, 0xF81F, 0xF81F, 0xF81F, 0xF81F,   // 0x0EB0 (3760) pixels
0xF81F, 0xF81F, 0xF81F, 0xF81F, 0xF81F, 0xF81F, 0xF81F, 0xF81F, 0xF81F, 0xF81F, 0xF81F, 0xF81F, 0xF81F, 0xF81F, 0xF81F, 0x4A8A,   // 0x0EC0 (3776) pixels
0x0040, 0x0040, 0x0040, 0x0040, 0x0040, 0x0040, 0x0041, 0x0041, 0x0040, 0x0040, 0x0040, 0x0040, 0x0040, 0x0040, 0x4A48, 0x83EF,   // 0x0ED0 (3792) pixels
0x0041, 0x0040, 0x0040, 0x0040, 0x0040, 0x0061, 0x52CA, 0x0861, 0x0040, 0x0040, 0x0040, 0x0040, 0x0040, 0x0041, 0x0040, 0x0040,   // 0x0EE0 (3808) pixels
0x0040, 0x0040, 0x0040, 0x0041, 0x0041, 0x0040, 0x0040, 0x31A6, 0x4A89, 0x0040, 0x5ACB, 0xF81F, 0xF81F, 0xF81F, 0xF81F, 0xF81F,   // 0x0EF0 (3824) pixels
0xF81F, 0xF81F, 0xF81F, 0xF81F, 0xF81F, 0xF81F, 0xF81F, 0xF81F, 0xF81F, 0xF81F, 0xF81F, 0xF81F, 0xF81F, 0xF81F, 0xF81F, 0xF81F,   // 0x0F00 (3840) pixels
0xF81F, 0xF81F, 0xF81F, 0xF81F, 0xF81F, 0xF81F, 0xF81F, 0xF81F, 0xF81F, 0xF81F, 0xF81F, 0xF81F, 0xF81F, 0xF81F, 0xF81F, 0x7BEF,   // 0x0F10 (3856) pixels
0x0040, 0x0040, 0x0040, 0x0040, 0x0040, 0x0040, 0x0040, 0x0041, 0x0040, 0x0040, 0x0040, 0x0040, 0x0040, 0x0040, 0x2104, 0x39E7,   // 0x0F20 (3872) pixels
0x0040, 0x0040, 0x0040, 0x0040, 0x0040, 0x0041, 0x0861, 0x0040, 0x0040, 0x0040, 0x0040, 0x0040, 0x0861, 0x0040, 0x0040, 0x0040,   // 0x0F30 (3888) pixels
0x0040, 0x0040, 0x0040, 0x0040, 0x0040, 0x0040, 0x0040, 0x2985, 0x4A89, 0x0040, 0xF81F, 0xF81F, 0xF81F, 0xF81F, 0xF81F, 0xF81F,   // 0x0F40 (3904) pixels
0xF81F, 0xF81F, 0xF81F, 0xF81F, 0xF81F, 0xF81F, 0xF81F, 0xF81F, 0xF81F, 0xF81F, 0xF81F, 0xF81F, 0xF81F, 0xF81F, 0xF81F, 0xF81F,   // 0x0F50 (3920) pixels
0xF81F, 0xF81F, 0xF81F, 0xF81F, 0xF81F, 0xF81F, 0xF81F, 0xF81F, 0xF81F, 0xF81F, 0xF81F, 0xF81F, 0xF81F, 0xF81F, 0xF81F, 0x0041,   // 0x0F60 (3936) pixels
0x0040, 0x2985, 0x4248, 0x0041, 0x0040, 0x0040, 0x0040, 0x0041, 0x0040, 0x0040, 0x0040, 0x0040, 0x0040, 0x0040, 0x0040, 0x0040,   // 0x0F70 (3952) pixels
0x0040, 0x0040, 0x0040, 0x0040, 0x0041, 0x1904, 0x31A5, 0x3A07, 0x4248, 0x4A89, 0x39E6, 0x0040, 0x0882, 0x0041, 0x0040, 0x0040,   // 0x0F80 (3968) pixels
0x0040, 0x0040, 0x0040, 0x0041, 0x0040, 0x0040, 0x0040, 0x2965, 0x4A89, 0x0040, 0xF81F, 0xF81F, 0xF81F, 0xF81F, 0xF81F, 0xF81F,   // 0x0F90 (3984) pixels
0xF81F, 0xF81F, 0xF81F, 0xF81F, 0xF81F, 0xF81F, 0xF81F, 0xF81F, 0xF81F, 0xF81F, 0xF81F, 0xF81F, 0xF81F, 0xF81F, 0xF81F, 0xF81F,   // 0x0FA0 (4000) pixels
0xF81F, 0xF81F, 0xF81F, 0xF81F, 0xF81F, 0xF81F, 0xF81F, 0xF81F, 0xF81F, 0xF81F, 0xF81F, 0xF81F, 0xF81F, 0xF81F, 0xF81F, 0x0040,   // 0x0FB0 (4016) pixels
0x0040, 0x4227, 0x4228, 0x0020, 0x0040, 0x0041, 0x2965, 0x0060, 0x0040, 0x0040, 0x0040, 0x0040, 0x0040, 0x0040, 0x0040, 0x1903,   // 0x0FC0 (4032) pixels
0x2985, 0x39E7, 0x4228, 0x4A89, 0x52CA, 0x52C9, 0x4A88, 0x4227, 0x39E7, 0x2985, 0x10C3, 0x0040, 0x0041, 0x0040, 0x0040, 0x0040,   // 0x0FD0 (4048) pixels
0x0040, 0x0040, 0x0040, 0x2123, 0x18E3, 0x0040, 0x0040, 0x2144, 0x4A89, 0x0020, 0xF81F, 0xF81F, 0xF81F, 0xF81F, 0xF81F, 0xF81F,   // 0x0FE0 (4064) pixels
0xF81F, 0xF81F, 0xF81F, 0xF81F, 0xF81F, 0xF81F, 0xF81F, 0xF81F, 0xF81F, 0xF81F, 0xF81F, 0xF81F, 0xF81F, 0xF81F, 0xF81F, 0xF81F,   // 0x0FF0 (4080) pixels
0xF81F, 0xF81F, 0xF81F, 0xF81F, 0xF81F, 0xF81F, 0xF81F, 0xF81F, 0xF81F, 0xF81F, 0xF81F, 0xF81F, 0xF81F, 0xF81F, 0xF81F, 0x0040,   // 0x1000 (4096) pixels
0x0040, 0x4A89, 0x31A6, 0x0040, 0x0040, 0x0861, 0x18E3, 0x0040, 0x0040, 0x0040, 0x2124, 0x39E6, 0x4228, 0x4A69, 0x52AA, 0x52CA,   // 0x1010 (4112) pixels
0x4A89, 0x4248, 0x3A07, 0x31A6, 0x1904, 0x0041, 0x0040, 0x0040, 0x0040, 0x0040, 0x0040, 0x0040, 0x0041, 0x0040, 0x0040, 0x0040,   // 0x1020 (4128) pixels
0x0040, 0x0040, 0x0861, 0x4A89, 0x2965, 0x0040, 0x0040, 0x18E3, 0x52A9, 0x0040, 0xF81F, 0xF81F, 0xF81F, 0xF81F, 0xF81F, 0xF81F,   // 0x1030 (4144) pixels
0xF81F, 0xF81F, 0xF81F, 0xF81F, 0xF81F, 0xF81F, 0xF81F, 0xF81F, 0xF81F, 0xF81F, 0xF81F, 0xF81F, 0xF81F, 0xF81F, 0xF81F, 0xF81F,   // 0x1040 (4160) pixels
0xF81F, 0xF81F, 0xF81F, 0xF81F, 0xF81F, 0xF81F, 0xF81F, 0xF81F, 0xF81F, 0xF81F, 0xF81F, 0xF81F, 0xF81F, 0xF81F, 0x0040, 0x0040,   // 0x1050 (4176) pixels
0x1903, 0x52CA, 0x0882, 0x0040, 0x0040, 0x2145, 0x4A89, 0x0861, 0x0040, 0x0040, 0x39E7, 0x4A68, 0x3A07, 0x31A5, 0x2123, 0x0881,   // 0x1060 (4192) pixels
0x0040, 0x0040, 0x0040, 0x0040, 0x0040, 0x0040, 0x0040, 0x0040, 0x0040, 0x0040, 0x0040, 0x0041, 0x0041, 0x0040, 0x0040, 0x0040,   // 0x1070 (4208) pixels
0x0040, 0x0040, 0x0041, 0x52CA, 0x31A6, 0x0040, 0x0040, 0x0861, 0x52C9, 0x0882, 0x0040, 0x0041, 0xF81F, 0xF81F, 0xF81F, 0xF81F,   // 0x1080 (4224) pixels
0xF81F, 0xF81F, 0xF81F, 0xF81F, 0xF81F, 0xF81F, 0xF81F, 0xF81F, 0xF81F, 0xF81F, 0xF81F, 0xF81F, 0xF81F, 0xF81F, 0xF81F, 0xF81F,   // 0x1090 (4240) pixels
0xF81F, 0xF81F, 0xF81F, 0xF81F, 0xF81F, 0xF81F, 0xF81F, 0xF81F, 0xF81F, 0xF81F, 0xF81F, 0xF81F, 0xF81F, 0xF81F, 0x0040, 0x0040,   // 0x10A0 (4256) pixels
0x39E6, 0x4248, 0x0040, 0x0040, 0x0040, 0x3A07, 0x4A89, 0x0040, 0x0040, 0x0040, 0x0040, 0x0020, 0x0040, 0x0040, 0x0040, 0x0040,   // 0x10B0 (4272) pixels
0x0040, 0x0040, 0x0040, 0x0040, 0x0040, 0x0040, 0x0040, 0x0040, 0x0040, 0x0040, 0x0040, 0x0041, 0x0040, 0x0040, 0x0040, 0x0040,   // 0x10C0 (4288) pixels
0x0041, 0x0041, 0x0040, 0x4A89, 0x3A07, 0x0040, 0x0040, 0x0040, 0x4A89, 0x2144, 0x0040, 0x0040, 0xF81F, 0xF81F, 0xF81F, 0xF81F,   // 0x10D0 (4304) pixels
0xF81F, 0xF81F, 0xF81F, 0xF81F, 0xF81F, 0xF81F, 0xF81F, 0xF81F, 0xF81F, 0xF81F, 0xF81F, 0xF81F, 0xF81F, 0xF81F, 0xF81F, 0xF81F,   // 0x10E0 (4320) pixels
0xF81F, 0xF81F, 0xF81F, 0xF81F, 0xF81F, 0xF81F, 0xF81F, 0xF81F, 0xF81F, 0xF81F, 0xF81F, 0xF81F, 0xF81F, 0xF81F, 0x0040, 0x0040,   // 0x10F0 (4336) pixels
0x4A88, 0x31A5, 0x0040, 0x0040, 0x0040, 0x4A89, 0x3A27, 0x0040, 0x0040, 0x0041, 0x0040, 0x0040, 0x0040, 0x0040, 0x0040, 0x0040,   // 0x1100 (4352) pixels
0x0040, 0x0040, 0x0040, 0x0882, 0x0040, 0x0040, 0x0040, 0x31A6, 0x39E7, 0x0040, 0x0040, 0x0041, 0x0041, 0x0041, 0x0041, 0x0040,   // 0x1110 (4368) pixels
0x0041, 0x0040, 0x0040, 0x4248, 0x4268, 0x0040, 0x0040, 0x0040, 0x4228, 0x31A6, 0x0020, 0x0040, 0xF81F, 0xF81F, 0xF81F, 0xF81F,   // 0x1120 (4384) pixels
0xF81F, 0xF81F, 0xF81F, 0xF81F, 0xF81F, 0xF81F, 0xF81F, 0xF81F, 0xF81F, 0xF81F, 0xF81F, 0xF81F, 0xF81F, 0xF81F, 0xF81F, 0xF81F,   // 0x1130 (4400) pixels
0xF81F, 0xF81F, 0xF81F, 0xF81F, 0xF81F, 0xF81F, 0xF81F, 0xF81F, 0xF81F, 0xF81F, 0xF81F, 0xF81F, 0xF81F, 0xF81F, 0x0040, 0x2144,   // 0x1140 (4416) pixels
0x52C9, 0x0861, 0x0040, 0x0040, 0x2144, 0x52CA, 0x2144, 0x0040, 0x0041, 0x0041, 0x0040, 0x0040, 0x0040, 0x0041, 0x2123, 0x0861,   // 0x1150 (4432) pixels
0x0040, 0x0040, 0x2985, 0x52CA, 0x0041, 0x0040, 0x0040, 0x31C6, 0x4A68, 0x0041, 0x0040, 0x0041, 0x0041, 0x0041, 0x0041, 0x31C6,   // 0x1160 (4448) pixels
0x0861, 0x0040, 0x0020, 0x31E6, 0x52A9, 0x0041, 0x0040, 0x0040, 0x31A6, 0x4227, 0x0040, 0x0040, 0xF81F, 0xF81F, 0xF81F, 0xF81F,   // 0x1170 (4464) pixels
0xF81F, 0xF81F, 0xF81F, 0xF81F, 0xF81F, 0xF81F, 0xF81F, 0xF81F, 0xF81F, 0xF81F, 0xF81F, 0xF81F, 0xF81F, 0xF81F, 0xF81F, 0xF81F,   // 0x1180 (4480) pixels
0xF81F, 0xF81F, 0xF81F, 0xF81F, 0xF81F, 0xF81F, 0xF81F, 0xF81F, 0xF81F, 0xF81F, 0xF81F, 0xF81F, 0xF81F, 0xF81F, 0x0041, 0x4248,   // 0x1190 (4496) pixels
0x3A07, 0x0040, 0x0040, 0x0040, 0x4227, 0x4A89, 0x0040, 0x0040, 0x0040, 0x0040, 0x0040, 0x0040, 0x0040, 0x10C3, 0x52CA, 0x1903,   // 0x11A0 (4512) pixels
0x0040, 0x0040, 0x2144, 0x52CA, 0x18E3, 0x0040, 0x0040, 0x2965, 0x4A89, 0x0041, 0x0040, 0x0041, 0x0041, 0x0041, 0x18E3, 0x52CA,   // 0x11B0 (4528) pixels
0x2144, 0x0040, 0x0040, 0x1923, 0x52CA, 0x2144, 0x0040, 0x0040, 0x10A2, 0x4A69, 0x0041, 0x0040, 0xF81F, 0xF81F, 0xF81F, 0xF81F,   // 0x11C0 (4544) pixels
0xF81F, 0xF81F, 0xF81F, 0xF81F, 0xF81F, 0xF81F, 0xF81F, 0xF81F, 0xF81F, 0xF81F, 0xF81F, 0xF81F, 0xF81F, 0xF81F, 0xF81F, 0xF81F,   // 0x11D0 (4560) pixels
0xF81F, 0xF81F, 0xF81F, 0xF81F, 0xF81F, 0xF81F, 0xF81F, 0xF81F, 0xF81F, 0xF81F, 0xF81F, 0xF81F, 0x0040, 0x0040, 0x1903, 0x52AA,   // 0x11E0 (4576) pixels
0x10C2, 0x0040, 0x0040, 0x10A2, 0x52C9, 0x31C6, 0x0040, 0x0040, 0x0040, 0x0040, 0x0040, 0x0040, 0x0040, 0x0061, 0x52C9, 0x2965,   // 0x11F0 (4592) pixels
0x0040, 0x0040, 0x10C2, 0x52CA, 0x2965, 0x0040, 0x0040, 0x10C3, 0x52CA, 0x0861, 0x0040, 0x0041, 0x0041, 0x0041, 0x0041, 0x52AA,   // 0x1200 (4608) pixels
0x39E7, 0x0040, 0x0040, 0x0041, 0x52A9, 0x39E7, 0x0040, 0x0040, 0x0040, 0x4248, 0x1903, 0x0040, 0x0040, 0xF81F, 0xF81F, 0xF81F,   // 0x1210 (4624) pixels
0xF81F, 0xF81F, 0xF81F, 0xF81F, 0xF81F, 0xF81F, 0xF81F, 0xF81F, 0xF81F, 0xF81F, 0xF81F, 0xF81F, 0xF81F, 0xF81F, 0xF81F, 0xF81F,   // 0x1220 (4640) pixels
0xF81F, 0xF81F, 0xF81F, 0xF81F, 0xF81F, 0xF81F, 0xF81F, 0xF81F, 0xF81F, 0xF81F, 0xF81F, 0xF81F, 0x0040, 0x0041, 0x4228, 0x3A07,   // 0x1230 (4656) pixels
0x0040, 0x0040, 0x0040, 0x39E7, 0x52A9, 0x10A2, 0x0040, 0x0040, 0x18E3, 0x2144, 0x0040, 0x0040, 0x0040, 0x0040, 0x4AA9, 0x31C6,   // 0x1240 (4672) pixels
0x0040, 0x0040, 0x0040, 0x52AA, 0x31C6, 0x0040, 0x0040, 0x0040, 0x52AA, 0x2144, 0x0040, 0x0020, 0x0041, 0x0040, 0x0040, 0x4248,   // 0x1250 (4688) pixels
0x4A89, 0x0040, 0x0040, 0x0040, 0x4228, 0x4A89, 0x0020, 0x0040, 0x0020, 0x2964, 0x39E7, 0x0040, 0x0040, 0xF81F, 0xF81F, 0xF81F,   // 0x1260 (4704) pixels
0xF81F, 0xF81F, 0xF81F, 0xF81F, 0xF81F, 0xF81F, 0xF81F, 0xF81F, 0xF81F, 0xF81F, 0xF81F, 0xF81F, 0xF81F, 0xF81F, 0xF81F, 0xF81F,   // 0x1270 (4720) pixels
0xF81F, 0xF81F, 0xF81F, 0xF81F, 0xF81F, 0xF81F, 0xF81F, 0xF81F, 0xF81F, 0xF81F, 0xF81F, 0xF81F, 0x0040, 0x2124, 0x4A89, 0x0861,   // 0x1280 (4736) pixels
0x0040, 0x0040, 0x10A2, 0x52AA, 0x3A07, 0x0040, 0x0040, 0x0040, 0x3A07, 0x31A6, 0x0040, 0x0040, 0x0040, 0x0040, 0x4248, 0x4227,   // 0x1290 (4752) pixels
0x0041, 0x0040, 0x0040, 0x4A68, 0x4227, 0x0040, 0x0040, 0x0040, 0x4248, 0x31C6, 0x0040, 0x0040, 0x0040, 0x0040, 0x0040, 0x2985,   // 0x12A0 (4768) pixels
0x52CA, 0x10C2, 0x0040, 0x0040, 0x2124, 0x52CA, 0x2104, 0x0040, 0x0040, 0x0040, 0x39E7, 0x0040, 0x0040, 0x18E3, 0xF81F, 0xF81F,   // 0x12B0 (4784) pixels
0xF81F, 0xF81F, 0xF81F, 0xF81F, 0xF81F, 0xF81F, 0xF81F, 0xF81F, 0xF81F, 0xF81F, 0xF81F, 0xF81F, 0xF81F, 0xF81F, 0xF81F, 0xF81F,   // 0x12C0 (4800) pixels
0xF81F, 0xF81F, 0xF81F, 0xF81F, 0xF81F, 0xF81F, 0xF81F, 0xF81F, 0xF81F, 0xF81F, 0x0041, 0x0040, 0x0040, 0x4A69, 0x2965, 0x0040,   // 0x12D0 (4816) pixels
0x0040, 0x0040, 0x3A07, 0x52AA, 0x10A2, 0x0040, 0x0040, 0x10C2, 0x52A9, 0x31C6, 0x0040, 0x0040, 0x0040, 0x0040, 0x3A07, 0x4A89,   // 0x12E0 (4832) pixels
0x0040, 0x0040, 0x0040, 0x3A07, 0x4A89, 0x0040, 0x0040, 0x0040, 0x39E6, 0x4248, 0x0040, 0x0040, 0x0040, 0x0040, 0x0040, 0x0861,   // 0x12F0 (4848) pixels
0x52A9, 0x31C6, 0x0041, 0x0040, 0x0040, 0x4A69, 0x4228, 0x0040, 0x0040, 0x0040, 0x2965, 0x2124, 0x0040, 0x0040, 0xF81F, 0xF81F,   // 0x1300 (4864) pixels
0xF81F, 0xF81F, 0xF81F, 0xF81F, 0xF81F, 0xF81F, 0xF81F, 0xF81F, 0xF81F, 0xF81F, 0xF81F, 0xF81F, 0xF81F, 0xF81F, 0xF81F, 0xF81F,   // 0x1310 (4880) pixels
0xF81F, 0xF81F, 0xF81F, 0xF81F, 0xF81F, 0xF81F, 0xF81F, 0xF81F, 0xF81F, 0x18E3, 0x0040, 0x0040, 0x39E6, 0x39E6, 0x0040, 0x0040,   // 0x1320 (4896) pixels
0x0040, 0x1903, 0x52CA, 0x31C6, 0x0040, 0x0040, 0x0040, 0x3A07, 0x52A9, 0x0882, 0x0040, 0x0040, 0x0040, 0x0040, 0x2986, 0x52CA,   // 0x1330 (4912) pixels
0x0881, 0x0040, 0x0040, 0x2985, 0x52CA, 0x10C2, 0x0040, 0x0040, 0x2144, 0x52A9, 0x0040, 0x0040, 0x0040, 0x0040, 0x0040, 0x0040,   // 0x1340 (4928) pixels
0x4247, 0x4A89, 0x0041, 0x0040, 0x0040, 0x31C6, 0x52C9, 0x1904, 0x0040, 0x0040, 0x0040, 0x2144, 0x0040, 0x0040, 0x18E3, 0xF81F,   // 0x1350 (4944) pixels
0xF81F, 0xF81F, 0xF81F, 0xF81F, 0xF81F, 0xF81F, 0xF81F, 0xF81F, 0xF81F, 0xF81F, 0xF81F, 0xF81F, 0xF81F, 0xF81F, 0xF81F, 0xF81F,   // 0x1360 (4960) pixels
0xF81F, 0xF81F, 0xF81F, 0xF81F, 0xF81F, 0xF81F, 0xF81F, 0xF81F, 0x2986, 0x0040, 0x0040, 0x2144, 0x4227, 0x0040, 0x0040, 0x0040,   // 0x1370 (4976) pixels
0x0041, 0x4A68, 0x4A89, 0x0061, 0x0040, 0x0040, 0x18E3, 0x52AA, 0x39E6, 0x0040, 0x0040, 0x0040, 0x0040, 0x0040, 0x10C2, 0x52CA,   // 0x1380 (4992) pixels
0x2965, 0x0040, 0x0040, 0x0881, 0x52CA, 0x31A6, 0x0040, 0x0040, 0x0040, 0x4AA9, 0x2144, 0x0040, 0x0040, 0x0040, 0x0040, 0x0040,   // 0x1390 (5008) pixels
0x2144, 0x52CA, 0x2985, 0x0040, 0x0040, 0x0060, 0x4A89, 0x4248, 0x0040, 0x0040, 0x0040, 0x0041, 0x0040, 0x0040, 0x0040, 0xF81F,   // 0x13A0 (5024) pixels
0xF81F, 0xF81F, 0xF81F, 0xF81F, 0xF81F, 0xF81F, 0xF81F, 0xF81F, 0xF81F, 0xF81F, 0xF81F, 0xF81F, 0xF81F, 0xF81F, 0xF81F, 0xF81F,   // 0x13B0 (5040) pixels
0xF81F, 0xF81F, 0xF81F, 0xF81F, 0xF81F, 0xF81F, 0xF81F, 0x31A6, 0x0040, 0x0040, 0x18C3, 0x39E7, 0x0060, 0x0040, 0x0040, 0x0040,   // 0x13C0 (5056) pixels
0x39E7, 0x52CA, 0x2124, 0x0040, 0x0040, 0x0040, 0x4268, 0x4A89, 0x0861, 0x0040, 0x0040, 0x0040, 0x0040, 0x0040, 0x0040, 0x4A89,   // 0x13D0 (5072) pixels
0x3A07, 0x0020, 0x0040, 0x0020, 0x4A69, 0x4248, 0x0040, 0x0040, 0x0020, 0x3A07, 0x3A07, 0x0040, 0x0040, 0x0040, 0x0040, 0x0040,   // 0x13E0 (5088) pixels
0x0040, 0x4A69, 0x4A89, 0x0040, 0x0040, 0x0040, 0x2985, 0x39E7, 0x0041, 0x0040, 0x0040, 0x0040, 0x0040, 0x0040, 0x0040, 0xF81F,   // 0x13F0 (5104) pixels
0xF81F, 0xF81F, 0xF81F, 0xF81F, 0xF81F, 0xF81F, 0xF81F, 0xF81F, 0xF81F, 0xF81F, 0xF81F, 0xF81F, 0xF81F, 0xF81F, 0xF81F, 0xF81F,   // 0x1400 (5120) pixels
0xF81F, 0xF81F, 0xF81F, 0xF81F, 0xF81F, 0xF81F, 0xF81F, 0x0040, 0x0040, 0x0882, 0x2965, 0x0040, 0x0040, 0x0040, 0x0040, 0x2985,   // 0x1410 (5136) pixels
0x52CA, 0x31C6, 0x0040, 0x0040, 0x0040, 0x31A5, 0x52CA, 0x2965, 0x0040, 0x0040, 0x0040, 0x0020, 0x0040, 0x0040, 0x0040, 0x3A07,   // 0x1420 (5152) pixels
0x4AA9, 0x0040, 0x0040, 0x0040, 0x31A6, 0x52CA, 0x10A2, 0x0040, 0x0040, 0x1903, 0x4AA9, 0x0041, 0x0040, 0x0040, 0x0040, 0x0040,   // 0x1430 (5168) pixels
0x0040, 0x2965, 0x52CA, 0x31A5, 0x0040, 0x0040, 0x0040, 0x0040, 0x0040, 0x0040, 0x0040, 0x0040, 0x0040, 0x0040, 0x0040, 0xF81F,   // 0x1440 (5184) pixels
0xF81F, 0xF81F, 0xF81F, 0xF81F, 0xF81F, 0xF81F, 0xF81F, 0xF81F, 0xF81F, 0xF81F, 0xF81F, 0xF81F, 0xF81F, 0xF81F, 0xF81F, 0xF81F,   // 0x1450 (5200) pixels
0xF81F, 0xF81F, 0xF81F, 0xF81F, 0xF81F, 0xF81F, 0x0040, 0x0040, 0x0040, 0x0040, 0x0041, 0x0040, 0x0040, 0x0040, 0x2965, 0x52AA,   // 0x1460 (5216) pixels
0x4227, 0x0040, 0x0040, 0x0040, 0x18E3, 0x52A9, 0x4248, 0x0040, 0x0040, 0x0040, 0x0040, 0x0040, 0x0040, 0x0040, 0x0040, 0x2124,   // 0x1470 (5232) pixels
0x52CA, 0x2144, 0x0040, 0x0040, 0x10A2, 0x52C9, 0x31A6, 0x0040, 0x0040, 0x0040, 0x4248, 0x2985, 0x0040, 0x0040, 0x0040, 0x0040,   // 0x1480 (5248) pixels
0x0040, 0x0040, 0x4248, 0x4248, 0x0040, 0x0040, 0x0040, 0x0040, 0x0040, 0x0040, 0x0040, 0x0040, 0x0040, 0x0040, 0x0041, 0xF81F,   // 0x1490 (5264) pixels
0xF81F, 0xF81F, 0xF81F, 0xF81F, 0xF81F, 0xF81F, 0xF81F, 0xF81F, 0xF81F, 0xF81F, 0xF81F, 0xF81F, 0xF81F, 0xF81F, 0xF81F, 0xF81F,   // 0x14A0 (5280) pixels
0xF81F, 0xF81F, 0xF81F, 0xF81F, 0xF81F, 0x0040, 0x0040, 0x0040, 0x0040, 0x0040, 0x0040, 0x0040, 0x0040, 0x2965, 0x52CA, 0x4268,   // 0x14B0 (5296) pixels
0x0041, 0x0040, 0x0040, 0x0861, 0x4A89, 0x52A9, 0x10A2, 0x0040, 0x0040, 0x0040, 0x0040, 0x0040, 0x0040, 0x0040, 0x0040, 0x0040,   // 0x14C0 (5312) pixels
0x4A89, 0x4227, 0x0040, 0x0040, 0x0040, 0x4227, 0x4A89, 0x0041, 0x0040, 0x0040, 0x1904, 0x4269, 0x0040, 0x0040, 0x0040, 0x0040,   // 0x14D0 (5328) pixels
0x0040, 0x0040, 0x10A2, 0x0041, 0x0040, 0x0040, 0x0040, 0x0040, 0x0040, 0x0040, 0x0040, 0x0040, 0x0040, 0x10A2, 0xF81F, 0xF81F,   // 0x14E0 (5344) pixels
0xF81F, 0xF81F, 0xF81F, 0xF81F, 0xF81F, 0xF81F, 0xF81F, 0xF81F, 0xF81F, 0xF81F, 0xF81F, 0xF81F, 0xF81F, 0xF81F, 0xF81F, 0xF81F,   // 0x14F0 (5360) pixels
0xF81F, 0xF81F, 0xF81F, 0xF81F, 0xF81F, 0x528A, 0x0040, 0x0040, 0x0040, 0x0040, 0x0040, 0x0040, 0x0040, 0x39E7, 0x4248, 0x0861,   // 0x1500 (5376) pixels
0x0040, 0x0040, 0x0040, 0x4228, 0x52CA, 0x2144, 0x0040, 0x0040, 0x0040, 0x0040, 0x2124, 0x5AEB, 0x0040, 0x0040, 0x0040, 0x0040,   // 0x1510 (5392) pixels
0x39E6, 0x52AA, 0x10A2, 0x0040, 0x0040, 0x2123, 0x52CA, 0x2965, 0x0040, 0x0040, 0x0020, 0x3A07, 0x2965, 0x0040, 0x0040, 0x0040,   // 0x1520 (5408) pixels
0x0040, 0x0040, 0x0040, 0x0040, 0x0040, 0x0040, 0x0040, 0x0040, 0x0040, 0x0040, 0x0040, 0xF81F, 0xF81F, 0xF81F, 0xF81F, 0xF81F,   // 0x1530 (5424) pixels
0xF81F, 0xF81F, 0xF81F, 0xF81F, 0xF81F, 0xF81F, 0xF81F, 0xF81F, 0xF81F, 0xF81F, 0xF81F, 0xF81F, 0xF81F, 0xF81F, 0xF81F, 0xF81F,   // 0x1540 (5440) pixels
0xF81F, 0xF81F, 0xF81F, 0xF81F, 0xF81F, 0xF81F, 0x39C7, 0x0040, 0x0040, 0x0040, 0x0040, 0x0040, 0x0040, 0x0040, 0x0041, 0x0040,   // 0x1550 (5456) pixels
0x0040, 0x0040, 0x39E7, 0x52CA, 0x31A6, 0x0040, 0x0040, 0x0040, 0x0040, 0x0041, 0xF81F, 0xF81F, 0x0041, 0x0040, 0x0040, 0x0040,   // 0x1560 (5472) pixels
0x10A2, 0x52AA, 0x39E7, 0x0020, 0x0040, 0x0040, 0x4248, 0x4A89, 0x0041, 0x0040, 0x0040, 0x0881, 0x4228, 0x0041, 0x0040, 0x0040,   // 0x1570 (5488) pixels
0x0040, 0x0040, 0x0040, 0x0040, 0x0040, 0x0041, 0x0041, 0x0041, 0x0041, 0x0041, 0xF81F, 0xF81F, 0xF81F, 0xF81F, 0xF81F, 0xF81F,   // 0x1580 (5504) pixels
0xF81F, 0xF81F, 0xF81F, 0xF81F, 0xF81F, 0xF81F, 0xF81F, 0xF81F, 0xF81F, 0xF81F, 0xF81F, 0xF81F, 0xF81F, 0xF81F, 0xF81F, 0xF81F,   // 0x1590 (5520) pixels
0xF81F, 0xF81F, 0xF81F, 0xF81F, 0xF81F, 0xF81F, 0xF81F, 0x2104, 0x0040, 0x0040, 0x0040, 0x0040, 0x0040, 0x0040, 0x0040, 0x0040,   // 0x15A0 (5536) pixels
0x0040, 0x31C7, 0x52CA, 0x39E7, 0x0040, 0x0040, 0x0040, 0x0040, 0x0040, 0xF81F, 0xF81F, 0xF81F, 0x4228, 0x0040, 0x0040, 0x0040,   // 0x15B0 (5552) pixels
0x0040, 0x3A07, 0x52A9, 0x0881, 0x0040, 0x0040, 0x1903, 0x52CA, 0x31C6, 0x0040, 0x0040, 0x0040, 0x2104, 0x3186, 0x0040, 0x0040,   // 0x15C0 (5568) pixels
0x0040, 0x0041, 0x0040, 0x0040, 0x0041, 0x0041, 0x0041, 0x0061, 0x0041, 0xF81F, 0xF81F, 0xF81F, 0xF81F, 0xF81F, 0xF81F, 0xF81F,   // 0x15D0 (5584) pixels
0xF81F, 0xF81F, 0xF81F, 0xF81F, 0xF81F, 0xF81F, 0xF81F, 0xF81F, 0xF81F, 0xF81F, 0xF81F, 0xF81F, 0xF81F, 0xF81F, 0xF81F, 0xF81F,   // 0x15E0 (5600) pixels
0xF81F, 0xF81F, 0xF81F, 0xF81F, 0xF81F, 0xF81F, 0xF81F, 0xF81F, 0x0882, 0x0040, 0x0040, 0x0040, 0x0040, 0x0040, 0x0040, 0x0040,   // 0x15F0 (5616) pixels
0x2985, 0x52CA, 0x3A07, 0x0040, 0x0040, 0x0040, 0x0040, 0x0040, 0x39E7, 0xF81F, 0xF81F, 0xF81F, 0xF81F, 0x0040, 0x0040, 0x0040,   // 0x1600 (5632) pixels
0x0040, 0x18E2, 0x52C9, 0x39E7, 0x0041, 0x0040, 0x0040, 0x39E7, 0x52AA, 0x1903, 0x0040, 0x0040, 0x0020, 0x2124, 0x10A2, 0x0040,   // 0x1610 (5648) pixels
0x0040, 0x0041, 0x0041, 0x0041, 0x0041, 0x10C3, 0x18E3, 0xF81F, 0xF81F, 0xF81F, 0xF81F, 0xF81F, 0xF81F, 0xF81F, 0xF81F, 0xF81F,   // 0x1620 (5664) pixels
0xF81F, 0xF81F, 0xF81F, 0xF81F, 0xF81F, 0xF81F, 0xF81F, 0xF81F, 0xF81F, 0xF81F, 0xF81F, 0xF81F, 0xF81F, 0xF81F, 0xF81F, 0xF81F,   // 0x1630 (5680) pixels
0xF81F, 0xF81F, 0xF81F, 0xF81F, 0xF81F, 0xF81F, 0xF81F, 0xF81F, 0x8410, 0x0841, 0x0040, 0x0040, 0x0040, 0x0040, 0x0040, 0x0040,   // 0x1640 (5696) pixels
0x0861, 0x31A6, 0x0040, 0x0040, 0x0040, 0x0040, 0x0040, 0x2104, 0xF81F, 0xF81F, 0xF81F, 0xF81F, 0xF81F, 0x3186, 0x0040, 0x0040,   // 0x1650 (5712) pixels
0x0040, 0x0040, 0x3A07, 0x52AA, 0x18E2, 0x0040, 0x0040, 0x0861, 0x4A89, 0x4A89, 0x0881, 0x0040, 0x0040, 0x0040, 0x0040, 0x0040,   // 0x1660 (5728) pixels
0x0040, 0x0040, 0x0041, 0x0841, 0xF81F, 0xF81F, 0xF81F, 0xF81F, 0xF81F, 0xF81F, 0xF81F, 0xF81F, 0xF81F, 0xF81F, 0xF81F, 0xF81F,   // 0x1670 (5744) pixels
0xF81F, 0xF81F, 0xF81F, 0xF81F, 0xF81F, 0xF81F, 0xF81F, 0xF81F, 0xF81F, 0xF81F, 0xF81F, 0xF81F, 0xF81F, 0xF81F, 0xF81F, 0xF81F,   // 0x1680 (5760) pixels
0xF81F, 0xF81F, 0xF81F, 0xF81F, 0xF81F, 0xF81F, 0xF81F, 0xF81F, 0xF81F, 0x7BCF, 0x0041, 0x0041, 0x0041, 0x0041, 0x0040, 0x0040,   // 0x1690 (5776) pixels
0x0040, 0x0040, 0x0040, 0x0040, 0x0040, 0x0040, 0x10A2, 0xF81F, 0xF81F, 0xF81F, 0xF81F, 0xF81F, 0xF81F, 0x7BEF, 0x0040, 0x0040,   // 0x16A0 (5792) pixels
0x0040, 0x0040, 0x0882, 0x52A9, 0x4248, 0x0040, 0x0040, 0x0040, 0x1903, 0x52C9, 0x3A07, 0x0040, 0x0040, 0x0040, 0x0040, 0x0040,   // 0x16B0 (5808) pixels
0x0040, 0x0040, 0x0040, 0xF81F, 0xF81F, 0xF81F, 0xF81F, 0xF81F, 0xF81F, 0xF81F, 0xF81F, 0xF81F, 0xF81F, 0xF81F, 0xF81F, 0xF81F,   // 0x16C0 (5824) pixels
0xF81F, 0xF81F, 0xF81F, 0xF81F, 0xF81F, 0xF81F, 0xF81F, 0xF81F, 0xF81F, 0xF81F, 0xF81F, 0xF81F, 0xF81F, 0xF81F, 0xF81F, 0xF81F,   // 0x16D0 (5840) pixels
0xF81F, 0xF81F, 0xF81F, 0xF81F, 0xF81F, 0xF81F, 0xF81F, 0xF81F, 0xF81F, 0xF81F, 0x6B4D, 0x0041, 0x0041, 0x0041, 0x0041, 0x0040,   // 0x16E0 (5856) pixels
0x0040, 0x0040, 0x0040, 0x0040, 0x0040, 0x10C2, 0xF81F, 0xF81F, 0xF81F, 0xF81F, 0xF81F, 0xF81F, 0xF81F, 0xF81F, 0x39C7, 0x0040,   // 0x16F0 (5872) pixels
0x0040, 0x0040, 0x0040, 0x2985, 0x52CA, 0x31A6, 0x0040, 0x0040, 0x0040, 0x2965, 0x10C2, 0x0040, 0x0040, 0x0040, 0x0040, 0x0040,   // 0x1700 (5888) pixels
0x0040, 0x0040, 0xF81F, 0xF81F, 0xF81F, 0xF81F, 0xF81F, 0xF81F, 0xF81F, 0xF81F, 0xF81F, 0xF81F, 0xF81F, 0xF81F, 0xF81F, 0xF81F,   // 0x1710 (5904) pixels
0xF81F, 0xF81F, 0xF81F, 0xF81F, 0xF81F, 0xF81F, 0xF81F, 0xF81F, 0xF81F, 0xF81F, 0xF81F, 0xF81F, 0xF81F, 0xF81F, 0xF81F, 0xF81F,   // 0x1720 (5920) pixels
0xF81F, 0xF81F, 0xF81F, 0xF81F, 0xF81F, 0xF81F, 0xF81F, 0xF81F, 0xF81F, 0xF81F, 0xF81F, 0x5AEB, 0x0041, 0x0041, 0x0041, 0x0040,   // 0x1730 (5936) pixels
0x0040, 0x0040, 0x0040, 0x0040, 0x7BEF, 0xF81F, 0xF81F, 0xF81F, 0xF81F, 0xF81F, 0xF81F, 0xF81F, 0xF81F, 0xF81F, 0xF81F, 0x0041,   // 0x1740 (5952) pixels
0x0040, 0x0040, 0x0040, 0x0040, 0x4228, 0x52AA, 0x1903, 0x0040, 0x0040, 0x0040, 0x0040, 0x0040, 0x0040, 0x0040, 0x0040, 0x0040,   // 0x1750 (5968) pixels
0x0041, 0xF81F, 0xF81F, 0xF81F, 0xF81F, 0xF81F, 0xF81F, 0xF81F, 0xF81F, 0xF81F, 0xF81F, 0xF81F, 0xF81F, 0xF81F, 0xF81F, 0xF81F,   // 0x1760 (5984) pixels
0xF81F, 0xF81F, 0xF81F, 0xF81F, 0xF81F, 0xF81F, 0xF81F, 0xF81F, 0xF81F, 0xF81F, 0xF81F, 0xF81F, 0xF81F, 0xF81F, 0xF81F, 0xF81F,   // 0x1770 (6000) pixels
0xF81F, 0xF81F, 0xF81F, 0xF81F, 0xF81F, 0xF81F, 0xF81F, 0xF81F, 0xF81F, 0xF81F, 0xF81F, 0xF81F, 0xF81F, 0xF81F, 0x0061, 0x0041,   // 0x1780 (6016) pixels
0x0040, 0x0040, 0x0040, 0x2124, 0xF81F, 0xF81F, 0xF81F, 0xF81F, 0xF81F, 0xF81F, 0xF81F, 0xF81F, 0xF81F, 0xF81F, 0xF81F, 0xF81F,   // 0x1790 (6032) pixels
0x0040, 0x0040, 0x0040, 0x0040, 0x0881, 0x4A89, 0x4A89, 0x0041, 0x0040, 0x0040, 0x0040, 0x0040, 0x0040, 0x0040, 0x0040, 0x0040,   // 0x17A0 (6048) pixels
0x2945, 0xF81F, 0xF81F, 0xF81F, 0xF81F, 0xF81F, 0xF81F, 0xF81F, 0xF81F, 0xF81F, 0xF81F, 0xF81F, 0xF81F, 0xF81F, 0xF81F, 0xF81F,   // 0x17B0 (6064) pixels
0xF81F, 0xF81F, 0xF81F, 0xF81F, 0xF81F, 0xF81F, 0xF81F, 0xF81F, 0xF81F, 0xF81F, 0xF81F, 0xF81F, 0xF81F, 0xF81F, 0xF81F, 0xF81F,   // 0x17C0 (6080) pixels
0xF81F, 0xF81F, 0xF81F, 0xF81F, 0xF81F, 0xF81F, 0xF81F, 0xF81F, 0xF81F, 0xF81F, 0xF81F, 0xF81F, 0xF81F, 0xF81F, 0xF81F, 0x0041,   // 0x17D0 (6096) pixels
0x0040, 0x0040, 0x41E7, 0xF81F, 0xF81F, 0xF81F, 0xF81F, 0xF81F, 0xF81F, 0xF81F, 0xF81F, 0xF81F, 0xF81F, 0xF81F, 0xF81F, 0xF81F,   // 0x17E0 (6112) pixels
0x2104, 0x0040, 0x0040, 0x0040, 0x0040, 0x2124, 0x2964, 0x0040, 0x0040, 0x0040, 0x0040, 0x0040, 0x0040, 0x0040, 0x0040, 0x3186,   // 0x17F0 (6128) pixels
0xF81F, 0xF81F, 0xF81F, 0xF81F, 0xF81F, 0xF81F, 0xF81F, 0xF81F, 0xF81F, 0xF81F, 0xF81F, 0xF81F, 0xF81F, 0xF81F, 0xF81F, 0xF81F,   // 0x1800 (6144) pixels
0xF81F, 0xF81F, 0xF81F, 0xF81F, 0xF81F, 0xF81F, 0xF81F, 0xF81F, 0xF81F, 0xF81F, 0xF81F, 0xF81F, 0xF81F, 0xF81F, 0xF81F, 0xF81F,   // 0x1810 (6160) pixels
0xF81F, 0xF81F, 0xF81F, 0xF81F, 0xF81F, 0xF81F, 0xF81F, 0xF81F, 0xF81F, 0xF81F, 0xF81F, 0xF81F, 0xF81F, 0xF81F, 0xF81F, 0xF81F,   // 0x1820 (6176) pixels
0xF81F, 0xF81F, 0xF81F, 0xF81F, 0xF81F, 0xF81F, 0xF81F, 0xF81F, 0xF81F, 0xF81F, 0xF81F, 0xF81F, 0xF81F, 0xF81F, 0xF81F, 0xF81F,   // 0x1830 (6192) pixels
0xF81F, 0x0041, 0x0040, 0x0040, 0x0040, 0x0040, 0x0040, 0x0040, 0x0040, 0x0040, 0x0040, 0x0040, 0x0040, 0x0040, 0x4A49, 0xF81F,   // 0x1840 (6208) pixels
0xF81F, 0xF81F, 0xF81F, 0xF81F, 0xF81F, 0xF81F, 0xF81F, 0xF81F, 0xF81F, 0xF81F, 0xF81F, 0xF81F, 0xF81F, 0xF81F, 0xF81F, 0xF81F,   // 0x1850 (6224) pixels
0xF81F, 0xF81F, 0xF81F, 0xF81F, 0xF81F, 0xF81F, 0xF81F, 0xF81F, 0xF81F, 0xF81F, 0xF81F, 0xF81F, 0xF81F, 0xF81F, 0xF81F, 0xF81F,   // 0x1860 (6240) pixels
0xF81F, 0xF81F, 0xF81F, 0xF81F, 0xF81F, 0xF81F, 0xF81F, 0xF81F, 0xF81F, 0xF81F, 0xF81F, 0xF81F, 0xF81F, 0xF81F, 0xF81F, 0xF81F,   // 0x1870 (6256) pixels
0xF81F, 0xF81F, 0xF81F, 0xF81F, 0xF81F, 0xF81F, 0xF81F, 0xF81F, 0xF81F, 0xF81F, 0xF81F, 0xF81F, 0xF81F, 0xF81F, 0xF81F, 0xF81F,   // 0x1880 (6272) pixels
0xF81F, 0xF81F, 0x0041, 0x0040, 0x0040, 0x0040, 0x0040, 0x0040, 0x0040, 0x0041, 0x0041, 0x0041, 0x0041, 0x5AAA, 0xF81F, 0xF81F,   // 0x1890 (6288) pixels
0xF81F, 0xF81F, 0xF81F, 0xF81F, 0xF81F, 0xF81F, 0xF81F, 0xF81F, 0xF81F, 0xF81F, 0xF81F, 0xF81F, 0xF81F, 0xF81F, 0xF81F, 0xF81F,   // 0x18A0 (6304) pixels
0xF81F, 0xF81F, 0xF81F, 0xF81F, 0xF81F, 0xF81F, 0xF81F, 0xF81F, 0xF81F, 0xF81F, 0xF81F, 0xF81F, 0xF81F, 0xF81F, 0xF81F, 0xF81F,   // 0x18B0 (6320) pixels
0xF81F, 0xF81F, 0xF81F, 0xF81F, 0xF81F, 0xF81F, 0xF81F, 0xF81F, 0xF81F, 0xF81F, 0xF81F, 0xF81F, 0xF81F, 0xF81F, 0xF81F, 0xF81F,   // 0x18C0 (6336) pixels
0xF81F, 0xF81F, 0xF81F, 0xF81F, 0xF81F, 0xF81F, 0xF81F, 0xF81F, 0xF81F, 0xF81F, 0xF81F, 0xF81F, 0xF81F, 0xF81F, 0xF81F, 0xF81F,   // 0x18D0 (6352) pixels
0xF81F, 0xF81F, 0xF81F, 0x0040, 0x0040, 0x0040, 0x0040, 0x0040, 0x0041, 0x0041, 0x0041, 0xF81F, 0xF81F, 0xF81F, 0xF81F, 0xF81F,   // 0x18E0 (6368) pixels
0xF81F, 0xF81F, 0xF81F, 0xF81F, 0xF81F, 0xF81F, 0xF81F, 0xF81F, 0xF81F, 0xF81F, 0xF81F, 0xF81F, 0xF81F, 0xF81F, 0xF81F, 0xF81F,   // 0x18F0 (6384) pixels
0xF81F, 0xF81F, 0xF81F, 0xF81F, 0xF81F, 0xF81F, 0xF81F, 0xF81F, 0xF81F, 0xF81F, 0xF81F, 0xF81F, 0xF81F, 0xF81F, 0xF81F, 0xF81F,   // 0x1900 (6400) pixels
0xF81F, 0xF81F, 0xF81F, 0xF81F, 0xF81F, 0xF81F, 0xF81F, 0xF81F, 0xF81F, 0xF81F, 0xF81F, 0xF81F, 0xF81F, 0xF81F, 0xF81F, 0xF81F,   // 0x1910 (6416) pixels
0xF81F, 0xF81F, 0xF81F, 0xF81F, 0xF81F, 0xF81F, 0xF81F, 0xF81F, 0xF81F, 0xF81F, 0xF81F, 0xF81F, 0xF81F, 0xF81F, 0xF81F, 0xF81F,   // 0x1920 (6432) pixels
0xF81F, 0xF81F, 0xF81F, 0x39C7, 0x0041, 0x0041, 0x0040, 0x0041, 0x0061, 0x2965, 0xF81F, 0xF81F, 0xF81F, 0xF81F, 0xF81F, 0xF81F,   // 0x1930 (6448) pixels
0xF81F, 0xF81F, 0xF81F, 0xF81F, 0xF81F, 0xF81F, 0xF81F, 0xF81F, 0xF81F, 0xF81F, 0xF81F, 0xF81F, 0xF81F, 0xF81F, 0xF81F, 0xF81F,   // 0x1940 (6464) pixels
0xF81F, 0xF81F, 0xF81F, 0xF81F, 0xF81F, 0xF81F, 0xF81F, 0xF81F, 0xF81F, 0xF81F, 0xF81F, 0xF81F, 0xF81F, 0xF81F, 0xF81F, 0xF81F,   // 0x1950 (6480) pixels
0xF81F, 0xF81F, 0xF81F, 0xF81F, 0xF81F, 0xF81F, 0xF81F, 0xF81F, 0xF81F, 0xF81F, 0xF81F, 0xF81F, 0xF81F, 0xF81F, 0xF81F, 0xF81F,   // 0x1960 (6496) pixels
0xF81F, 0xF81F, 0xF81F, 0xF81F, 0xF81F, 0xF81F, 0xF81F, 0xF81F, 0xF81F, 0xF81F, 0xF81F, 0xF81F, 0xF81F, 0xF81F, 0xF81F, 0xF81F,   // 0x1970 (6512) pixels
0xF81F, 0xF81F, 0xF81F, 0xF81F, 0x7BEF, 0x0041, 0x0041, 0x0041, 0x39C7, 0xF81F, 0xF81F, 0xF81F, 0xF81F, 0xF81F, 0xF81F, 0xF81F,   // 0x1980 (6528) pixels
0xF81F, 0xF81F, 0xF81F, 0xF81F, 0xF81F, 0xF81F, 0xF81F, 0xF81F, 0xF81F, 0xF81F, 0xF81F, 0xF81F, 0xF81F, 0xF81F, 0xF81F, 0xF81F,   // 0x1990 (6544) pixels
0xF81F, 0xF81F, 0xF81F, 0xF81F, 0xF81F, 0xF81F, 0xF81F, 0xF81F, 0xF81F, 0xF81F, 0xF81F, 0xF81F, 0xF81F, 0xF81F, 0xF81F, 0xF81F,   // 0x19A0 (6560) pixels
0xF81F, 0xF81F, 0xF81F, 0xF81F, 0xF81F, 0xF81F, 0xF81F, 0xF81F, 0xF81F, 0xF81F, 0xF81F, 0xF81F, 0xF81F, 0xF81F, 0xF81F, 0xF81F,   // 0x19B0 (6576) pixels
0xF81F, 0xF81F, 0xF81F, 0xF81F, 0xF81F, 0xF81F, 0xF81F, 0xF81F, 0xF81F, 0xF81F, 0xF81F, 0xF81F, 0xF81F, 0xF81F, 0xF81F, 0xF81F,   // 0x19C0 (6592) pixels
0xF81F, 0xF81F, 0xF81F, 0xF81F, 0xF81F, 0x4228, 0x0041, 0xF81F, 0xF81F, 0xF81F, 0xF81F, 0xF81F, 0xF81F, 0xF81F, 0xF81F, 0xF81F,   // 0x19D0 (6608) pixels
0xF81F, 0xF81F, 0xF81F, 0xF81F, 0xF81F, 0xF81F, 0xF81F, 0xF81F, 0xF81F, 0xF81F, 0xF81F, 0xF81F, 0xF81F, 0xF81F, 0xF81F, 0xF81F,   // 0x19E0 (6624) pixels
0xF81F, 0xF81F, 0xF81F, 0xF81F, 0xF81F, 0xF81F, 0xF81F, 0xF81F, 0xF81F, 0xF81F, 0xF81F, 0xF81F, 0xF81F, 0xF81F, 0xF81F, 0xF81F,   // 0x19F0 (6640) pixels
0xF81F, 0xF81F, 0xF81F, 0xF81F, 0xF81F, 0xF81F, 0xF81F, 0xF81F, 0xF81F, 0xF81F, 0xF81F, 0xF81F, 0xF81F, 0xF81F, 0xF81F, 0xF81F,   // 0x1A00 (6656) pixels
0xF81F, 0xF81F, 0xF81F, 0xF81F, 0xF81F, 0xF81F, 0xF81F, 0xF81F, 0xF81F, 0xF81F, 0xF81F, 0xF81F, 0xF81F, 0xF81F, 0xF81F, 0xF81F,   // 0x1A10 (6672) pixels
0xF81F, 0xF81F, 0xF81F, 0xF81F, 0xF81F, 0xF81F, 0xF81F, 0xF81F, 0xF81F, 0xF81F, 0xF81F, 0xF81F, 0xF81F, 0xF81F, 0xF81F, 0xF81F,   // 0x1A20 (6688) pixels
0xF81F, 0xF81F, 0xF81F, 0xF81F, 0xF81F, 0xF81F, 0xF81F, 0xF81F, 0xF81F, 0xF81F, 0xF81F, 0xF81F, 0xF81F, 0xF81F, 0xF81F, 0xF81F,   // 0x1A30 (6704) pixels
0xF81F, 0xF81F, 0xF81F, 0xF81F, 0xF81F, 0xF81F, 0xF81F, 0xF81F, 0xF81F, 0xF81F, 0xF81F, 0xF81F, 0xF81F, 0xF81F, 0xF81F, 0xF81F,   // 0x1A40 (6720) pixels
0xF81F, 0xF81F, 0xF81F, 0xF81F, 0xF81F, 0xF81F, 0xF81F, 0xF81F, 0xF81F, 0xF81F, 0xF81F, 0xF81F, 0xF81F, 0xF81F, 0xF81F, 0xF81F,   // 0x1A50 (6736) pixels
0xF81F, 0xF81F, 0xF81F, 0xF81F, 0xF81F, 0xF81F, 0xF81F, 0xF81F, 0xF81F, 0xF81F, 0xF81F, 0xF81F, 0xF81F, 0xF81F, 0xF81F, 0xF81F,   // 0x1A60 (6752) pixels
0xF81F, 0xF81F, 0xF81F, 0xF81F, 0xF81F, 0xF81F, 0xF81F, 0xF81F, 0xF81F, 0xF81F, 0xF81F, 0xF81F, 0xF81F, 0xF81F, 0xF81F, 0xF81F,   // 0x1A70 (6768) pixels
0xF81F, 0xF81F, 0xF81F, 0xF81F, 0xF81F, 0xF81F, 0xF81F, 0xF81F, 0xF81F, 0xF81F, 0xF81F, 0xF81F, 0xF81F, 0xF81F, 0xF81F, 0xF81F,   // 0x1A80 (6784) pixels
0xF81F, 0xF81F, 0xF81F, 0xF81F, 0xF81F, 0xF81F, 0xF81F, 0xF81F, 0xF81F, 0xF81F, 0xF81F, 0xF81F, 0xF81F, 0xF81F, 0xF81F, 0xF81F,   // 0x1A90 (6800) pixels
};


const int tempusw = 100;
const int tempush = 100;

const uint16_t tempus[] PROGMEM = {
    0x0000, 0x0000, 0x0000, 0x0000, 0x0000, 0x0000, 0x0000, 0x0000, 0x0000, 0x0000, 0x0000, 0x0000, 0x0000, 0x0000, 0x0000, 0x0000,
    0x0000, 0x0000, 0x0000, 0x0000, 0x0000, 0x0000, 0x0000, 0x0000, 0x0000, 0x0000, 0x0000, 0x0000, 0x0000, 0x0000, 0x0000, 0x0000,
    0x0000, 0x0000, 0x0000, 0x0000, 0x0000, 0x0000, 0x0000, 0x0000, 0x0000, 0x0000, 0x0000, 0x0000, 0x0000, 0x0000, 0x0000, 0x0000,
    0x0000, 0x0000, 0x0000, 0x0000, 0x0000, 0x0000, 0x0000, 0x0000, 0x0000, 0x0000, 0x0000, 0x0000, 0x0000, 0x0000, 0x0000, 0x0000,
    0x0000, 0x0000, 0x0000, 0x0000, 0x0000, 0x0000, 0x0000, 0x0000, 0x0000, 0x0000, 0x0000, 0x0000, 0x0000, 0x0000, 0x0000, 0x0000,
    0x0000, 0x0000, 0x0000, 0x0000, 0x0000, 0x0000, 0x0000, 0x0000, 0x0000, 0x0000, 0x0000, 0x0000, 0x0000, 0x0000, 0x0000, 0x0000,
    0x0000, 0x0000, 0x0000, 0x0000, 0x0000, 0x0000, 0x0000, 0x0000, 0x0000, 0x0000, 0x0000, 0x0000, 0x0000, 0x0000, 0x0000, 0x0000,
    0x0000, 0x0000, 0x0000, 0x0000, 0x0000, 0x0000, 0x0000, 0x0000, 0x0000, 0x0000, 0x0000, 0x0000, 0x0000, 0x0000, 0x0000, 0x0000,
    0x0000, 0x0000, 0x0000, 0x0000, 0x0000, 0x0000, 0x0000, 0x0000, 0x0000, 0x0000, 0x0000, 0x0000, 0x0000, 0x0000, 0x0000, 0x0000,
    0x0000, 0x0000, 0x0000, 0x0000, 0x0000, 0x0000, 0x0000, 0x0000, 0x0000, 0x0000, 0x0000, 0x0000, 0x0000, 0x0000, 0x0000, 0x0000,
    0x0000, 0x0000, 0x0000, 0x0000, 0x0000, 0x0000, 0x0000, 0x0000, 0x0000, 0x0000, 0x0000, 0x0000, 0x0000, 0x0000, 0x0000, 0x0000,
    0x0000, 0x0000, 0x0000, 0x0000, 0x0000, 0x0000, 0x0000, 0x0000, 0x0000, 0x0000, 0x0000, 0x0000, 0x0000, 0x0000, 0x0000, 0x0000,
    0x0000, 0x0000, 0x0000, 0x0000, 0x0000, 0x0000, 0x0000, 0x0000, 0x0000, 0x0000, 0x0000, 0x0000, 0x0000, 0x0000, 0x0000, 0x0000,
    0x0000, 0x0000, 0x0000, 0x0000, 0x0000, 0x0000, 0x0000, 0x0000, 0x0000, 0x0000, 0x0000, 0x0000, 0x0000, 0x0000, 0x0000, 0x0000,
    0x0000, 0x0000, 0x0000, 0x0000, 0x0000, 0x0000, 0x0000, 0x0000, 0x0000, 0x0000, 0x0000, 0x0000, 0x0000, 0x0000, 0x0000, 0x0000,
    0x0000, 0x0000, 0x0000, 0x0000, 0x0000, 0x0000, 0x0000, 0x0000, 0x0000, 0x0000, 0x0000, 0x0000, 0x0000, 0x0000, 0x0000, 0x0000,
    0x0000, 0x0000, 0x0000, 0x0000, 0x0000, 0x0000, 0x0000, 0x0000, 0x0000, 0x0000, 0x0000, 0x0000, 0x0000, 0x0000, 0x0000, 0x0000,
    0x0000, 0x0000, 0x0000, 0x0000, 0x0000, 0x0000, 0x0000, 0x0000, 0x0000, 0x0000, 0x0000, 0x0000, 0x0000, 0x0000, 0x0000, 0x0000,
    0x0000, 0x0000, 0x0000, 0x0000, 0x0000, 0x0000, 0x0000, 0x0000, 0x0000, 0x0000, 0x0000, 0x0000, 0x0000, 0x0000, 0x0000, 0x0000,
    0x0000, 0x0000, 0x0000, 0x0000, 0x0000, 0x0000, 0x0000, 0x0000, 0x0000, 0x0000, 0x0000, 0x0000, 0x0000, 0x0000, 0x0000, 0x0000,
    0x0000, 0x0000, 0x0000, 0x0000, 0x0000, 0x0000, 0x0000, 0x0000, 0x0000, 0x0000, 0x0000, 0x0000, 0x0000, 0x0000, 0x0000, 0x0000,
    0x0000, 0x0000, 0x0000, 0x0000, 0x0000, 0x0000, 0x0000, 0x0000, 0x0000, 0x0000, 0x0000, 0x0000, 0x0000, 0x0000, 0x0000, 0x0000,
    0x0000, 0x0000, 0x0000, 0x0000, 0x0000, 0x0000, 0x0000, 0x0000, 0x0000, 0x0000, 0x0000, 0x0000, 0x0000, 0x0000, 0x0000, 0x0000,
    0x0000, 0x0000, 0x0000, 0x0000, 0x0000, 0x0000, 0x0000, 0x0000, 0x0000, 0x0000, 0x0000, 0x0000, 0x0000, 0x0000, 0x0000, 0x0000,
    0x0000, 0x0000, 0x0000, 0x0000, 0x0000, 0x0000, 0x0000, 0x0000, 0x0000, 0x0000, 0x0000, 0x0000, 0x0000, 0x0000, 0x0000, 0x0000,
    0x0000, 0x0000, 0x0000, 0x0000, 0x0000, 0x0000, 0x0000, 0x0000, 0x0000, 0x0000, 0x0000, 0x0000, 0x0000, 0x0000, 0x0000, 0x0000,
    0x0000, 0x0000, 0x0000, 0x0000, 0x0000, 0x0000, 0x0000, 0x0000, 0x0000, 0x0000, 0x0000, 0x0000, 0x0000, 0x0000, 0x0000, 0x0000,
    0x0000, 0x0000, 0x0000, 0x0000, 0x0000, 0x0000, 0x0000, 0x0000, 0x0000, 0x0000, 0x0000, 0x0000, 0x0000, 0x0000, 0x0000, 0x0000,
    0x0000, 0x0000, 0x0000, 0x0000, 0x0000, 0x0000, 0x0000, 0x0000, 0x0000, 0x0000, 0x0000, 0x0000, 0x0000, 0x0000, 0x0000, 0x0000,
    0x0000, 0x0000, 0x0000, 0x0000, 0x0000, 0x0000, 0x0000, 0x0000, 0x0000, 0x0000, 0x0000, 0x0000, 0x0000, 0x0000, 0x0000, 0x0000,
    0x0000, 0x0000, 0x0000, 0x0000, 0x0000, 0x0000, 0x0000, 0x0000, 0x0000, 0x0000, 0x0000, 0x0000, 0x0000, 0x0000, 0x0000, 0x0000,
    0x0000, 0x0000, 0x0000, 0x0000, 0x0000, 0x0000, 0x0000, 0x0000, 0x0000, 0x0000, 0x0000, 0x0000, 0x0000, 0x0000, 0x0000, 0x0000,
    0x0000, 0x0000, 0x0000, 0x0000, 0x0000, 0x0000, 0x0000, 0x0000, 0x0000, 0x0000, 0x0000, 0x0000, 0x0000, 0x0000, 0x0000, 0x0000,
    0x0000, 0x0000, 0x0000, 0x0000, 0x0000, 0x0000, 0x0000, 0x0000, 0x0000, 0x0000, 0x0000, 0x0000, 0x0000, 0x0000, 0x0000, 0x0000,
    0x0000, 0x0000, 0x0000, 0x0000, 0x0000, 0x0000, 0x0000, 0x0000, 0x0000, 0x0000, 0x0000, 0x0000, 0x0000, 0x0000, 0x0000, 0x0000,
    0x0000, 0x0000, 0x0000, 0x0000, 0x0000, 0x0000, 0x0000, 0x0000, 0x0000, 0x0000, 0x0000, 0x0000, 0x0000, 0x0000, 0x0000, 0x0000,
    0x0000, 0x0000, 0x0000, 0x0000, 0x0000, 0x0000, 0x0000, 0x0000, 0x0000, 0x0000, 0x0000, 0x0000, 0x0000, 0x0000, 0x0000, 0x0000,
    0x0000, 0x0000, 0x0000, 0x0000, 0x0000, 0x0000, 0x0000, 0x0000, 0x0000, 0x0000, 0x0000, 0x0000, 0x0000, 0x0000, 0x0000, 0x0000,
    0x0000, 0x0000, 0x0000, 0x0000, 0x0000, 0x0000, 0x0000, 0x0000, 0x0000, 0x0000, 0x0000, 0x0000, 0x0000, 0x0000, 0x0000, 0x0000,
    0x0000, 0x0000, 0x0000, 0x0000, 0x0000, 0x0000, 0x0000, 0x0000, 0x0000, 0x0000, 0x0000, 0x0000, 0x0000, 0x0000, 0x0000, 0x0000,
    0x0000, 0x0000, 0x0000, 0x0000, 0x0000, 0x0000, 0x0000, 0x0000, 0x0000, 0x0000, 0x0000, 0x0000, 0x0000, 0x0000, 0x0000, 0x0000,
    0x0000, 0x0000, 0x0000, 0x0000, 0x0000, 0x0000, 0x0000, 0x0000, 0x0000, 0x0000, 0x0000, 0x0000, 0x0000, 0x0000, 0x0000, 0x0000,
    0x0000, 0x0000, 0x0000, 0x0000, 0x0000, 0x0000, 0x0000, 0x0000, 0x0000, 0x0000, 0x0000, 0x0000, 0x0000, 0x0000, 0x0000, 0x0000,
    0x0000, 0x0000, 0x0000, 0x0000, 0x0000, 0x0000, 0x0000, 0x0000, 0x0000, 0x0000, 0x0000, 0x0000, 0x0000, 0x0000, 0x0000, 0x0000,
    0x0000, 0x0000, 0x0000, 0x0000, 0x0000, 0x0000, 0x0000, 0x0000, 0x0000, 0x0000, 0x0000, 0x0000, 0x0000, 0x0000, 0x0000, 0x0000,
    0x0000, 0x0000, 0x0000, 0x0000, 0x0000, 0x0000, 0x0000, 0x0000, 0x0000, 0x0000, 0x0000, 0x0000, 0x0000, 0x0000, 0x0000, 0x0000,
    0x0000, 0x0000, 0x0000, 0x0000, 0x0000, 0x0000, 0x0000, 0x0000, 0x0000, 0x0000, 0x0000, 0x0000, 0x0000, 0x0000, 0x0000, 0x0000,
    0x0000, 0x0000, 0x0000, 0x0000, 0x0000, 0x0000, 0x0000, 0x0000, 0x0000, 0x0000, 0x0000, 0x0000, 0x0000, 0x0000, 0x0000, 0x0000,
    0x0000, 0x0000, 0x0000, 0x0000, 0x0000, 0x0000, 0x0000, 0x0000, 0x0000, 0x0000, 0x0000, 0x0000, 0x0000, 0x0000, 0x0000, 0x0000,
    0x0000, 0x0000, 0x0000, 0x0000, 0x0000, 0x0000, 0x0000, 0x0000, 0x0000, 0x0000, 0x0000, 0x0000, 0x0000, 0x0000, 0x0000, 0x0000,
    0x0000, 0x0000, 0x0000, 0x0000, 0x0000, 0x0000, 0x0000, 0x0000, 0x0000, 0x0000, 0x0000, 0x0000, 0x0000, 0x0000, 0x0000, 0x0000,
    0x0000, 0x0000, 0x0000, 0x0000, 0x0000, 0x0000, 0x0000, 0x0000, 0x0000, 0x0000, 0x0000, 0x0000, 0x0000, 0x0000, 0x0000, 0x0000,
    0x0000, 0x0000, 0x0000, 0x0000, 0x0000, 0x0000, 0x0000, 0x0000, 0x0000, 0x0000, 0x0000, 0x0000, 0x0000, 0x0000, 0x0000, 0x0000,
    0x0000, 0x0000, 0x0000, 0x0000, 0x0000, 0x0000, 0x0000, 0x0000, 0x0000, 0x0000, 0x0000, 0x0000, 0x0000, 0x0000, 0x0000, 0x0000,
    0x0000, 0x0000, 0x0000, 0x0000, 0x0000, 0x0000, 0x0000, 0x0000, 0x0000, 0x0000, 0x0000, 0x0000, 0x0000, 0x0000, 0x0000, 0x0000,
    0x0000, 0x0000, 0x0000, 0x0000, 0x0000, 0x0000, 0x0000, 0x0000, 0x0000, 0x0000, 0x0000, 0x0000, 0x0000, 0x0000, 0x0000, 0x0000,
    0x0000, 0x0000, 0x0000, 0x0000, 0x0000, 0x0000, 0x0000, 0x0000, 0x0000, 0x0000, 0x0000, 0x0000, 0x0000, 0x0000, 0x0000, 0x0000,
    0x0000, 0x0000, 0x0000, 0x0000, 0x0000, 0x0000, 0x0000, 0x0000, 0x0000, 0x0000, 0x0000, 0x0000, 0x0000, 0x0000, 0x0000, 0x0000,
    0x0000, 0x0000, 0x0000, 0x0000, 0x0000, 0x0000, 0x0000, 0x0000, 0x0000, 0x0000, 0x0000, 0x0000, 0x0000, 0x0000, 0x0000, 0x0000,
    0x0000, 0x0000, 0x0000, 0x0000, 0x0000, 0x0000, 0x0000, 0x0000, 0x0000, 0x0000, 0x0000, 0x0000, 0x0000, 0x0000, 0x0000, 0x0000,
    0x0000, 0x0000, 0x0000, 0x0000, 0x0000, 0x0000, 0x0000, 0x0000, 0x0000, 0x0000, 0x0000, 0x0000, 0x0000, 0x0000, 0x0000, 0x0000,
    0x0000, 0x0000, 0x0000, 0x0000, 0x0000, 0x0000, 0x0000, 0x0000, 0x0000, 0x0000, 0x0000, 0x0000, 0x0000, 0x0000, 0x0000, 0x0000,
    0x0000, 0x0000, 0x0000, 0x0000, 0x0000, 0x0000, 0x0000, 0x0000, 0x0000, 0x0000, 0x0000, 0x0000, 0x0000, 0x0000, 0x0000, 0x0000,
    0x0000, 0x0000, 0x0000, 0x0000, 0x0000, 0x0000, 0x0000, 0x0000, 0x0000, 0x0000, 0x0000, 0x0000, 0x0000, 0x0000, 0x0000, 0x0000,
    0x0000, 0x0000, 0x0000, 0x0000, 0x0000, 0x0000, 0x0000, 0x0000, 0x0000, 0x0000, 0x0000, 0x0000, 0x0000, 0x0000, 0x0000, 0x0000,
    0x0000, 0x0000, 0x0000, 0x0000, 0x0000, 0x0000, 0x0000, 0x0000, 0x0000, 0x0000, 0x0000, 0x0000, 0x0000, 0x0000, 0x0000, 0x0000,
    0x0000, 0x0000, 0x0000, 0x0000, 0x0000, 0x0000, 0x0000, 0x0000, 0x0000, 0x0000, 0x0000, 0x0000, 0x0000, 0x0000, 0x0000, 0x0000,
    0x0000, 0x0000, 0x0000, 0x0000, 0x0000, 0x0000, 0x0000, 0x0000, 0x0000, 0x0000, 0x0000, 0x0000, 0x0000, 0x0000, 0x0000, 0x0000,
    0x0000, 0x0000, 0x0000, 0x0000, 0x0000, 0x0000, 0x0000, 0x0000, 0x0000, 0x0000, 0x0000, 0x0000, 0x0000, 0x0000, 0x0000, 0x0000,
    0x0000, 0x0000, 0x0000, 0x0000, 0x0000, 0x0000, 0x0000, 0x0000, 0x0000, 0x0000, 0x0000, 0x0000, 0x0000, 0x0000, 0x0000, 0x0000,
    0x0000, 0x0000, 0x0000, 0x0000, 0x0000, 0x0000, 0x0000, 0x18E2, 0x31A5, 0x4A46, 0x5AC7, 0x62E8, 0x5AA7, 0x4A26, 0x3184, 0x18C2,
    0x0000, 0x0000, 0x0000, 0x0000, 0x0000, 0x0000, 0x0000, 0x0000, 0x0000, 0x0000, 0x0000, 0x0000, 0x0000, 0x0000, 0x0000, 0x0000,
    0x0000, 0x0000, 0x0000, 0x0000, 0x0000, 0x0000, 0x0000, 0x0000, 0x0000, 0x0000, 0x0000, 0x0000, 0x0000, 0x18A2, 0x2964, 0x41C5,
    0x4A26, 0x4A26, 0x39C5, 0x2944, 0x10A2, 0x0000, 0x0000, 0x0000, 0x0000, 0x0000, 0x0000, 0x0000, 0x0000, 0x0000, 0x0000, 0x0000,
    0x0000, 0x0000, 0x0000, 0x0000, 0x0000, 0x0000, 0x0000, 0x0000, 0x0000, 0x0000, 0x0000, 0x0000, 0x0000, 0x0000, 0x0000, 0x0000,
    0x0000, 0x0000, 0x0000, 0x0000, 0x0000, 0x0000, 0x0000, 0x0000, 0x0000, 0x0000, 0x0000, 0x0000, 0x0000, 0x0000, 0x0000, 0x0000,
    0x0000, 0x0000, 0x0000, 0x0000, 0x0000, 0x0000, 0x0000, 0x18C2, 0x5AE8, 0x9CAD, 0xCE32, 0xE692, 0xE691, 0xE62F, 0xE64F, 0xE62F,
    0xE62F, 0xE650, 0xE670, 0xDE50, 0xC58F, 0x942C, 0x4A06, 0x0841, 0x0000, 0x0000, 0x0000, 0x0000, 0x0000, 0x0000, 0x0000, 0x0000,
    0x0000, 0x0000, 0x0000, 0x0000, 0x0000, 0x0000, 0x0000, 0x0000, 0x0000, 0x0000, 0x0000, 0x0000, 0x0000, 0x18E2, 0x5AA8, 0x9C6D,
    0xC5B0, 0xDE71, 0xE670, 0xDE2F, 0xE670, 0xE64F, 0xE650, 0xE671, 0xDE50, 0xC5AF, 0x9C8C, 0x5AA7, 0x18C2, 0x0000, 0x0000, 0x0000,
    0x0000, 0x0000, 0x0000, 0x0000, 0x0000, 0x0000, 0x0000, 0x0000, 0x0000, 0x0000, 0x0000, 0x0000, 0x0000, 0x0000, 0x0000, 0x0000,
    0x0000, 0x0000, 0x0000, 0x0000, 0x0000, 0x0000, 0x0000, 0x0000, 0x0000, 0x0000, 0x0000, 0x0000, 0x0000, 0x0000, 0x0000, 0x0000,
    0x0000, 0x0000, 0x0000, 0x0000, 0x0000, 0x0000, 0x0000, 0x0000, 0x0000, 0x41E5, 0xA4CD, 0xE671, 0xEEB1, 0xDDAD, 0xC4EA, 0xAC07,
    0x9B85, 0x8B03, 0x8AE3, 0x82C3, 0x8AE3, 0x8B04, 0x9324, 0xAC07, 0xBCA9, 0xD56B, 0xE62F, 0xD5CF, 0x83AA, 0x18C2, 0x0000, 0x0000,
    0x0000, 0x0000, 0x0000, 0x0000, 0x0000, 0x0000, 0x0000, 0x0000, 0x0000, 0x0000, 0x0000, 0x0000, 0x0000, 0x0000, 0x0000, 0x4A46,
    0xA4CD, 0xDE30, 0xE64F, 0xD56B, 0xBC88, 0xABE6, 0x9B65, 0x8B24, 0x9324, 0x8B24, 0x9324, 0x9B85, 0xAC27, 0xC4C9, 0xDDCD, 0xEE90,
    0xDE30, 0xA4AC, 0x41E5, 0x0000, 0x0000, 0x0000, 0x0000, 0x0000, 0x0000, 0x0000, 0x0000, 0x0000, 0x0000, 0x0000, 0x0000, 0x0000,
    0x0000, 0x0000, 0x0000, 0x0000, 0x0000, 0x0000, 0x0000, 0x0000, 0x0000, 0x0000, 0x0000, 0x0000, 0x0000, 0x0000, 0x0000, 0x0000,
    0x0000, 0x0000, 0x0000, 0x0000, 0x0000, 0x0000, 0x0000, 0x0000, 0x0000, 0x0000, 0x0000, 0x41E5, 0xBD6F, 0xEED2, 0xDE0D, 0xB448,
    0x9324, 0x8AE3, 0x82A4, 0x8264, 0x8244, 0x8204, 0x8A05, 0x8A25, 0x8A05, 0x8A25, 0x8A65, 0x82A4, 0x82A3, 0x7A83, 0x8B04, 0xB447,
    0xE60E, 0xDE50, 0x8BCA, 0x1061, 0x0000, 0x0000, 0x0000, 0x0000, 0x0000, 0x0000, 0x0000, 0x0000, 0x0000, 0x0000, 0x0000, 0x0000,
    0x0000, 0x5226, 0xBD6E, 0xEE90, 0xCD6C, 0xA3A5, 0x8AE3, 0x7A63, 0x7A83, 0x8285, 0x8245, 0x7A04, 0x79E4, 0x8204, 0x8224, 0x7A04,
    0x7A44, 0x7A84, 0x82C4, 0x9325, 0xAC27, 0xDDCD, 0xEE90, 0xBD4E, 0x4A05, 0x0000, 0x0000, 0x0000, 0x0000, 0x0000, 0x0000, 0x0000,
    0x0000, 0x0000, 0x0000, 0x0000, 0x0000, 0x0000, 0x0000, 0x0000, 0x0000, 0x0000, 0x0000, 0x0000, 0x0000, 0x0000, 0x0000, 0x0000,
    0x0000, 0x0000, 0x0000, 0x0000, 0x0000, 0x0000, 0x0000, 0x0000, 0x0000, 0x0000, 0x0000, 0x0000, 0x0000, 0x1081, 0xA4AD, 0xF6F2,
    0xE60D, 0xA3E6, 0x8B24, 0x82C5, 0x8225, 0x91A5, 0x9965, 0x98E4, 0xA0A4, 0xA063, 0xA063, 0xA043, 0xA063, 0xA084, 0xA0A4, 0x98E4,
    0x9165, 0x9205, 0x8265, 0x7AA4, 0x8AE3, 0xB468, 0xE66F, 0xD5EF, 0x5A26, 0x0000, 0x0000, 0x0000, 0x0000, 0x0000, 0x0000, 0x0000,
    0x0000, 0x0000, 0x0000, 0x2923, 0xB4ED, 0xE670, 0xC4EA, 0x9324, 0x7A83, 0x7A84, 0x8A65, 0x89A5, 0x8904, 0x90A4, 0x9883, 0x9843,
    0x9843, 0x9843, 0x9843, 0x9883, 0x98E4, 0x8944, 0x8184, 0x7A04, 0x82A4, 0x8B04, 0xA3C6, 0xD5CD, 0xF6F2, 0xACCD, 0x20C2, 0x0000,
    0x0000, 0x0000, 0x0000, 0x0000, 0x0000, 0x0000, 0x0000, 0x0000, 0x0000, 0x0000, 0x0000, 0x0000, 0x0000, 0x0000, 0x0000, 0x0000,
    0x0000, 0x0000, 0x0000, 0x0000, 0x0000, 0x0000, 0x0000, 0x0000, 0x0000, 0x0000, 0x0000, 0x0000, 0x0000, 0x0000, 0x0000, 0x0000,
    0x39C5, 0xD630, 0xF6D0, 0xB448, 0x9325, 0x82A5, 0x8A05, 0x9144, 0xA0A4, 0xA043, 0xA083, 0xA904, 0xB1C6, 0xB267, 0xBAC9, 0xBAE8,
    0xBAC8, 0xBAA8, 0xB227, 0xB166, 0xB0A4, 0xA083, 0x98A4, 0x9185, 0x8A85, 0x82C4, 0x9344, 0xCD6C, 0xF6D2, 0x93A9, 0x0800, 0x0000,
    0x0000, 0x0000, 0x0000, 0x0000, 0x0000, 0x0000, 0x62A7, 0xE650, 0xD58C, 0x9B65, 0x82A3, 0x82A5, 0x89E5, 0x88E4, 0x9863, 0xA883,
    0xB104, 0xB185, 0xBA47, 0xBAA7, 0xBAC8, 0xBA88, 0xB247, 0xB185, 0xB0E4, 0xA022, 0xA042, 0x98A4, 0x9124, 0x81C4, 0x8264, 0x8AE4,
    0xB448, 0xEE90, 0xDE30, 0x5246, 0x0000, 0x0000, 0x0000, 0x0000, 0x0000, 0x0000, 0x0000, 0x0000, 0x0000, 0x0000, 0x0000, 0x0000,
    0x0000, 0x0000, 0x0000, 0x0000, 0x0000, 0x0000, 0x0000, 0x0000, 0x0000, 0x0000, 0x0000, 0x0000, 0x0000, 0x0000, 0x0000, 0x0000,
    0x0000, 0x0000, 0x0000, 0x62C8, 0xF6F2, 0xD5AC, 0xA3A6, 0x9325, 0x81E4, 0x9104, 0xA084, 0xA863, 0xB125, 0xB2A8, 0xBBCA, 0xBC8B,
    0xB48B, 0xAC2A, 0xA3C9, 0x9B88, 0x9B48, 0x9B88, 0xAC09, 0xBC8C, 0xC44B, 0xBB29, 0xB1C6, 0xA8A4, 0xA083, 0x91A5, 0x8AA5, 0x8B04,
    0xBCCA, 0xF6D1, 0xB48C, 0x1861, 0x0000, 0x0000, 0x0000, 0x0000, 0x0000, 0x93CA, 0xF6D1, 0xBCA9, 0x9324, 0x82A4, 0x9205, 0x98E4,
    0xA063, 0xA945, 0xB2C8, 0xBC0A, 0xC48B, 0xB42A, 0xA3A8, 0x9B68, 0x9B68, 0x9BA8, 0xA40A, 0xB46B, 0xBC8B, 0xBBCA, 0xB2A8, 0xA924,
    0xA043, 0x9043, 0x9104, 0x8A04, 0x8AC4, 0x8B04, 0xCD4B, 0xF713, 0x7B69, 0x0000, 0x0000, 0x0000, 0x0000, 0x0000, 0x0000, 0x0000,
    0x0000, 0x0000, 0x0000, 0x0000, 0x0000, 0x0000, 0x0000, 0x0000, 0x0000, 0x0000, 0x0000, 0x0000, 0x0000, 0x0000, 0x0000, 0x0000,
    0x0000, 0x0000, 0x0000, 0x0000, 0x0000, 0x0000, 0x7B69, 0xF6F1, 0xC52A, 0x9345, 0x8265, 0x8964, 0xA0C4, 0xA063, 0xA945, 0xBB89,
    0xC4EC, 0xA3E9, 0x8A45, 0x78E3, 0x7882, 0x88E3, 0x9945, 0x9165, 0x8944, 0x8965, 0x9965, 0x9164, 0x81A4, 0x9265, 0xABE9, 0xC44B,
    0xBA48, 0xA063, 0x98E4, 0x9265, 0x8B04, 0xAC48, 0xEEAF, 0xC4EC, 0x2061, 0x0000, 0x0000, 0x1041, 0xAC6B, 0xEE8F, 0xAC28, 0x9324,
    0x8AA6, 0x9945, 0x9822, 0xB185, 0xC3CA, 0xBC4A, 0x9AE7, 0x81A4, 0x8943, 0x8944, 0x9165, 0x9165, 0x9185, 0x9124, 0x80C3, 0x7882,
    0x78E2, 0x9266, 0xA3E9, 0xC4EC, 0xBB69, 0xA944, 0xA042, 0xA083, 0x8924, 0x8265, 0x9325, 0xC4EB, 0xF6D1, 0x93EA, 0x0000, 0x0000,
    0x0000, 0x0000, 0x0000, 0x0000, 0x0000, 0x0000, 0x0000, 0x0000, 0x0000, 0x0000, 0x0000, 0x0000, 0x0000, 0x0000, 0x0000, 0x0000,
    0x0000, 0x0000, 0x0000, 0x0000, 0x0000, 0x0000, 0x0000, 0x0000, 0x0000, 0x7B89, 0xF711, 0xB468, 0x9325, 0x8A45, 0x90E3, 0xA083,
    0xA083, 0xBB08, 0xC50C, 0x9367, 0x7922, 0x8862, 0xA985, 0xB2C8, 0xBBAA, 0xB40A, 0xAC0A, 0xABC9, 0xABC9, 0xABE9, 0xAC0A, 0xABEA,
    0xB369, 0xB2E8, 0xA225, 0x9244, 0xAC29, 0xC3EA, 0xB145, 0x9863, 0x9A45, 0x8AE4, 0xAC27, 0xEEB1, 0xD54E, 0x5964, 0x50E2, 0xCD2E,
    0xE670, 0xA3E7, 0x8AE4, 0x9245, 0x98A3, 0xA8A4, 0xC369, 0xABE9, 0x8224, 0x91E4, 0xB2C7, 0xB389, 0xABEA, 0xA3CA, 0xA3C9, 0xABEA,
    0xA3C9, 0xA3EA, 0xB40A, 0xC42B, 0xC36A, 0xB1C6, 0x8862, 0x70E2, 0x9307, 0xBCAC, 0xC38A, 0xA0A3, 0xA063, 0x98E4, 0x8A45, 0x82C4,
    0xB489, 0xF6F2, 0x8B89, 0x0000, 0x0000, 0x0000, 0x0000, 0x0000, 0x0000, 0x0000, 0x0000, 0x0000, 0x0000, 0x0000, 0x0000, 0x0000,
    0x0000, 0x0000, 0x0000, 0x0000, 0x0000, 0x0000, 0x0000, 0x0000, 0x0000, 0x0000, 0x0000, 0x0000, 0x62C8, 0xF712, 0xBC88, 0x8B05,
    0x81E5, 0xA0C4, 0xA884, 0xA104, 0xBC2A, 0xA449, 0x7943, 0x8042, 0xAA27, 0xC42A, 0xB48A, 0x9B67, 0x81E4, 0x70E3, 0x7082, 0x8082,
    0x88A3, 0x88A2, 0x7882, 0x70C2, 0x81A3, 0x9B27, 0xB42A, 0xBBCA, 0x9A66, 0x92E6, 0xBC4A, 0xBA47, 0xA083, 0x9A05, 0x9325, 0xBCAA,
    0xEEF1, 0xF650, 0xEE10, 0xE691, 0xAC48, 0x8B04, 0x9246, 0x9863, 0xA985, 0xCCAC, 0xA3A8, 0x8A65, 0xB3A9, 0xAC09, 0x9327, 0x81E5,
    0x7103, 0x78A2, 0x7882, 0x8062, 0x7862, 0x6061, 0x70E2, 0x8205, 0x9BA9, 0xB4AC, 0xC44C, 0xB267, 0x8842, 0x8103, 0x9BC9, 0xC4AC,
    0xA985, 0xA062, 0x98A3, 0x8A04, 0x8B05, 0xBCA9, 0xF6B0, 0x72E7, 0x0000, 0x0000, 0x0000, 0x0000, 0x0000, 0x0000, 0x0000, 0x0000,
    0x0000, 0x0000, 0x0000, 0x0000, 0x0000, 0x0000, 0x0000, 0x0000, 0x0000, 0x0000, 0x0000, 0x0000, 0x0000, 0x0000, 0x0000, 0x41C4,
    0xEED1, 0xC50A, 0x9345, 0x8A05, 0x98A3, 0xA063, 0xA9E5, 0xCD0C, 0x9307, 0x7021, 0x9944, 0xCC2B, 0xB46A, 0x8224, 0x78A2, 0x9062,
    0xA083, 0xA084, 0xA0A4, 0xA8A4, 0xA8A4, 0xA0C4, 0xA0A4, 0xA0A4, 0xA0A4, 0x9863, 0x8882, 0x8163, 0xAB88, 0xB40A, 0x9B67, 0xBC8A,
    0xBAC8, 0xA083, 0x9225, 0x8AE4, 0xBCAA, 0xE6B1, 0xE6B0, 0xBCEA, 0x9345, 0xA266, 0xA063, 0xA1C6, 0xB429, 0x9367, 0xB409, 0xABE9,
    0x81E4, 0x7882, 0x8842, 0x9883, 0xA084, 0xA0A4, 0xA0A3, 0xA083, 0x9883, 0x9883, 0xA083, 0x9883, 0x8042, 0x7061, 0x79E4, 0xB4AB,
    0xD4ED, 0xA9A5, 0x7800, 0x8A65, 0xCD6E, 0xB247, 0x9822, 0x9883, 0x8A25, 0x9345, 0xC50A, 0xF6F1, 0x49E5, 0x0000, 0x0000, 0x0000,
    0x0000, 0x0000, 0x0000, 0x0000, 0x0000, 0x0000, 0x0000, 0x0000, 0x0000, 0x0000, 0x0000, 0x0000, 0x0000, 0x0000, 0x0000, 0x0000,
    0x0000, 0x0000, 0x18A1, 0xD60F, 0xDDEC, 0x9365, 0x8224, 0xA0E4, 0xA863, 0xA9E5, 0xC4EC, 0x8A44, 0x8801, 0xB2C8, 0xBD0C, 0x8285,
    0x80A2, 0x9863, 0xA084, 0xA0A4, 0xA0A4, 0xA8A4, 0xA8A4, 0xA0A4, 0xA0A4, 0xA0A4, 0xA0A4, 0xA8A4, 0xA0A4, 0xA0A4, 0xA8C4, 0xA083,
    0x9882, 0x91C4, 0xAC09, 0xA428, 0xBCAA, 0xB287, 0xA883, 0x9A86, 0x8B05, 0xC54D, 0xC52C, 0x9345, 0x9245, 0xA8A4, 0xB1E6, 0xC52D,
    0xA429, 0xA409, 0x9245, 0x8862, 0x9884, 0xA0A4, 0xA0A3, 0xA0A3, 0xA0A3, 0x9883, 0x9883, 0x9083, 0x9883, 0xA083, 0xA083, 0x9883,
    0x9083, 0x9083, 0x9043, 0x80A2, 0x8265, 0xBCCC, 0xC34A, 0x9001, 0x8983, 0xC52D, 0xB2A8, 0xA063, 0x98A3, 0x8A05, 0x9366, 0xD5CD,
    0xDE30, 0x20C2, 0x0000, 0x0000, 0x0000, 0x0000, 0x0000, 0x0000, 0x0000, 0x0000, 0x0000, 0x0000, 0x0000, 0x0000, 0x0000, 0x0000,
    0x0000, 0x0000, 0x0000, 0x0000, 0x0000, 0x0000, 0x9C6B, 0xE68F, 0xA407, 0x8A85, 0x98E4, 0xA863, 0xB1C6, 0xC50C, 0x81A3, 0x8801,
    0xC369, 0xBCEB, 0x7983, 0x8842, 0xA0A4, 0x9883, 0x9883, 0xA0A3, 0xA0A4, 0xA0A4, 0xA8A4, 0xA0A3, 0xA0A3, 0xA083, 0xA0A3, 0xA8A4,
    0xA084, 0xA0A4, 0xA0C4, 0xA0A4, 0xA8C4, 0xA083, 0x90A2, 0x9AE6, 0xB4A9, 0xCD4C, 0xB185, 0xA8E4, 0x9AE6, 0xAC48, 0xB489, 0x9AA6,
    0xA0C4, 0x9904, 0xD54D, 0xD5AD, 0xA3A8, 0x8103, 0x9863, 0xA8C4, 0xA0A3, 0x9883, 0x9883, 0xA083, 0xA083, 0x9883, 0x9883, 0x9083,
    0x9883, 0x9883, 0x9863, 0x9063, 0x8862, 0x9063, 0x9883, 0x9883, 0x8822, 0x78E2, 0xB4AB, 0xCC4C, 0x9022, 0x8102, 0xC54E, 0xB267,
    0xA042, 0x98C3, 0x92A6, 0xAC07, 0xEE6F, 0xACAB, 0x0000, 0x0000, 0x0000, 0x0000, 0x0000, 0x0000, 0x0000, 0x0000, 0x0000, 0x0000,
    0x0000, 0x0000, 0x0000, 0x0000, 0x0000, 0x0000, 0x0000, 0x0000, 0x0000, 0x41C4, 0xEEB0, 0xBCC9, 0x9305, 0x9124, 0xA083, 0x98C3,
    0xCD0D, 0x9245, 0x9001, 0xBB69, 0xB48A, 0x78C2, 0xA883, 0xA8A4, 0xA083, 0xA083, 0xA8A4, 0xA8A4, 0xA8A4, 0xA0A4, 0xA8A4, 0xA0A4,
    0xA0A4, 0xA0A4, 0xA0A4, 0xA0A4, 0xA0A4, 0xA0A4, 0xA8A4, 0xA8A4, 0xA0A4, 0xA0C4, 0xB0E5, 0xA083, 0x9205, 0xCD6C, 0xDD2D, 0xA8A4,
    0xA965, 0x9346, 0x8AC5, 0xA925, 0xA083, 0xC44B, 0xD5ED, 0x9285, 0x90A3, 0xA8C4, 0xA8A4, 0xA083, 0x9883, 0x9883, 0xA083, 0x9883,
    0xA083, 0x9863, 0x9883, 0x9062, 0x9883, 0x9883, 0x9883, 0x9883, 0x9883, 0x9883, 0x9083, 0x9083, 0x9883, 0xA083, 0x7841, 0xABEA,
    0xD48D, 0x9842, 0x8943, 0xCD4E, 0xA9C6, 0xA842, 0x9924, 0x9305, 0xC4EA, 0xEE90, 0x5225, 0x0000, 0x0000, 0x0000, 0x0000, 0x0000,
    0x0000, 0x0000, 0x0000, 0x0000, 0x0000, 0x0000, 0x0000, 0x0000, 0x0000, 0x0000, 0x0000, 0x0000, 0x0020, 0xBD0D, 0xDE0E, 0xA3C7,
    0x89A4, 0xA0A4, 0x9883, 0xBBEA, 0x8AC6, 0x9022, 0xBB08, 0xB4CB, 0x78A1, 0x9883, 0xA0A3, 0xA083, 0xA0A4, 0xA084, 0xA8A4, 0xA8A4,
    0xA8A4, 0xA8A4, 0xA8A4, 0xA8A4, 0xA8A4, 0xA8A4, 0xA8A4, 0xA8A4, 0xA8A4, 0xA8A4, 0xA8A4, 0xA8A4, 0xA8A4, 0xA8C4, 0xA8C4, 0xB0C4,
    0xA063, 0x81C4, 0xCDAD, 0xBB09, 0xB063, 0x98E4, 0x90A3, 0xA863, 0xB268, 0xD5EF, 0x8224, 0x90C4, 0xA0A4, 0xA083, 0xA0A4, 0xA8A4,
    0xA083, 0xA083, 0x9883, 0xA083, 0xA083, 0x9883, 0x9083, 0x9883, 0x9863, 0x9063, 0x9083, 0x9883, 0xA083, 0x9863, 0x9883, 0x9883,
    0x9883, 0x9883, 0x9883, 0x8021, 0xB42B, 0xC40B, 0x8801, 0x91E5, 0xD54F, 0xA104, 0xA063, 0x91C5, 0xA3A7, 0xD5AC, 0xC56D, 0x0840,
    0x0000, 0x0000, 0x0000, 0x0000, 0x0000, 0x0000, 0x0000, 0x0000, 0x0000, 0x0000, 0x0000, 0x0000, 0x0000, 0x0000, 0x0000, 0x0000,
    0x49E4, 0xEE90, 0xBCCA, 0x92E5, 0x98E4, 0xA883, 0xAA67, 0xB44A, 0x8042, 0xA9C5, 0xC52D, 0x8923, 0xA063, 0xA0A3, 0xA083, 0xA083,
    0xA0A4, 0xA084, 0xA083, 0xA083, 0xA0A4, 0xA084, 0xA084, 0xA0A4, 0xA084, 0xA8A4, 0xA884, 0xA8A4, 0xA0A3, 0xA083, 0xA0A4, 0xA0A3,
    0xA8A4, 0xA8A4, 0xA8A4, 0xA8A4, 0xA8C4, 0xA083, 0x7183, 0xB48B, 0xB104, 0xB0C4, 0xA8C4, 0xA063, 0xBBEB, 0x9B27, 0x9883, 0xA0A3,
    0x9883, 0xA0A4, 0xA0A4, 0xA0A4, 0xA0A4, 0x9883, 0x9883, 0x9863, 0x9883, 0xA0A4, 0x9883, 0x9863, 0x9063, 0x9883, 0x9883, 0x9883,
    0x9883, 0x9883, 0x9883, 0x9883, 0x9883, 0x9083, 0x9083, 0x9883, 0x8041, 0xB44B, 0xB268, 0x9001, 0xABA9, 0xBBCA, 0x9822, 0x98A3,
    0x92A5, 0xB469, 0xEE90, 0x5A86, 0x0000, 0x0000, 0x0000, 0x0000, 0x0000, 0x0000, 0x0000, 0x0000, 0x0000, 0x0000, 0x0000, 0x0000,
    0x0000, 0x0000, 0x0000, 0x0000, 0xA48B, 0xE62E, 0xA3E7, 0x9184, 0xA884, 0x98E3, 0xBCAB, 0x9164, 0x9882, 0xC4AB, 0x8A05, 0xA043,
    0xA0C4, 0xA083, 0xA083, 0xA083, 0xA0A4, 0xA0A4, 0xA083, 0xA083, 0xA0A4, 0xA084, 0xA0A4, 0xA8A4, 0xA084, 0xA084, 0xA084, 0xA884,
    0xA8A3, 0xA0A4, 0xA0A4, 0xA083, 0xA0A4, 0xA8C4, 0xA8A4, 0xA8A4, 0xA8C4, 0xA8C4, 0x98A3, 0x8944, 0xA8E4, 0xA883, 0xA8A4, 0xA8A4,
    0x90E4, 0x9083, 0xA083, 0xA0A3, 0xA084, 0xA083, 0xA0A4, 0xA084, 0xA084, 0x9863, 0xA083, 0x9883, 0xA083, 0x9883, 0x9883, 0x9883,
    0x9863, 0x9863, 0x9863, 0x9863, 0x9863, 0x9863, 0x9063, 0x9863, 0x9083, 0x9883, 0x9063, 0x9883, 0x9863, 0x8103, 0xC4CD, 0xA924,
    0x8882, 0xC4CC, 0xA9C6, 0x9822, 0x9184, 0x9B87, 0xDDEE, 0xBD0C, 0x0020, 0x0000, 0x0000, 0x0000, 0x0000, 0x0000, 0x0000, 0x0000,
    0x0000, 0x0000, 0x0000, 0x0000, 0x0000, 0x0000, 0x0000, 0x2923, 0xDE2F, 0xC54B, 0x92A5, 0x98C3, 0xA063, 0xBB69, 0xA388, 0x9001,
    0xC389, 0xA3C9, 0x8842, 0xA8A4, 0xA0A3, 0xA0A3, 0xA0A3, 0xA8A4, 0xA0A4, 0xA0A4, 0xA083, 0xA083, 0xA083, 0xA8A4, 0xA0A3, 0xA083,
    0xA0A4, 0xA083, 0xA083, 0xA083, 0xA083, 0xA0A4, 0xA0A4, 0xA0A4, 0xA8A4, 0xA8C4, 0xA8A4, 0xA8A4, 0xA0A4, 0xA0A4, 0xB0C4, 0xB0A4,
    0xA884, 0xA105, 0xA945, 0xA883, 0xA8A4, 0xA8A4, 0xA083, 0xA083, 0xA083, 0xA083, 0xA083, 0xA083, 0xA083, 0x9863, 0x9883, 0x9883,
    0x9883, 0x9883, 0x9883, 0x9883, 0x9883, 0x9883, 0x9883, 0x9883, 0x9083, 0x9063, 0x9063, 0x9863, 0x9883, 0x9883, 0x9883, 0x9063,
    0x98A3, 0x9022, 0xA2C7, 0xC44C, 0x9021, 0x9A46, 0xC44B, 0x9042, 0x98A3, 0x92C5, 0xC52B, 0xEE70, 0x49C4, 0x0000, 0x0000, 0x0000,
    0x0000, 0x0000, 0x0000, 0x0000, 0x0000, 0x0000, 0x0000, 0x0000, 0x0000, 0x0000, 0x0000, 0x7B48, 0xE64F, 0xAC48, 0x91C4, 0xA083,
    0x98E3, 0xBC8B, 0x9964, 0xA8E4, 0xC4EC, 0x8923, 0x9863, 0xA083, 0xA0A3, 0xA0A3, 0xA0A3, 0xA083, 0x9883, 0x9883, 0xA083, 0xA083,
    0xA083, 0xA0A3, 0xA0A3, 0xA0A4, 0xA083, 0xA083, 0xA083, 0xA083, 0xA0A3, 0xA0A3, 0xA083, 0xA0A4, 0xA8A4, 0xA8A4, 0xA8A4, 0xA8A4,
    0xA8C4, 0xA0A4, 0xA8A4, 0xB0E5, 0xA022, 0xBB49, 0xC46C, 0xA022, 0xA8C4, 0xA8A4, 0xA0A4, 0xA083, 0xA0A4, 0xA083, 0xA083, 0xA083,
    0x9883, 0x9863, 0x9883, 0x9883, 0x9883, 0xA083, 0x9883, 0x9083, 0x9883, 0x9883, 0x9883, 0x9063, 0x9883, 0x9083, 0x9062, 0x9863,
    0x9883, 0x9883, 0x9883, 0x9083, 0x9063, 0x98A3, 0x9062, 0xC4AD, 0xA1C6, 0x8041, 0xC4CC, 0xA1E6, 0xA043, 0x91A4, 0xAC49, 0xE62E,
    0x93C8, 0x0000, 0x0000, 0x0000, 0x0000, 0x0000, 0x0000, 0x0000, 0x0000, 0x0000, 0x0000, 0x0000, 0x0000, 0x0000, 0x0020, 0xB4EC,
    0xD5ED, 0xA3A7, 0x9104, 0x9822, 0xAAA7, 0xABA9, 0x9001, 0xC329, 0xABA9, 0x9842, 0xA8C4, 0xA083, 0xA083, 0xA8A4, 0xA0A4, 0xA0A4,
    0xA083, 0x9884, 0xA083, 0xA0A3, 0xA083, 0x9883, 0xA8A4, 0xA884, 0xA083, 0xA083, 0xA0A3, 0xA083, 0xA0A3, 0xA8A4, 0xA084, 0xA0A4,
    0xA0A4, 0xA8A4, 0xA8A4, 0xA8A4, 0xA0A4, 0xA0A4, 0xA8C4, 0xA8A4, 0xB1A6, 0xB44A, 0xAC09, 0xB267, 0x9842, 0xA8C4, 0xA0A4, 0xA0A4,
    0xA8A4, 0xA083, 0x9883, 0x9883, 0x9063, 0x9883, 0x9883, 0x9883, 0x9883, 0x9883, 0x9883, 0x9863, 0x9883, 0xA0A3, 0x9883, 0x9883,
    0x9863, 0x9063, 0x9063, 0x9883, 0x9883, 0x9883, 0x9063, 0x9883, 0x9883, 0xA0A3, 0x9842, 0x9A06, 0xBC0B, 0x8801, 0xA2C7, 0xC44C,
    0x9842, 0x98E4, 0x9B47, 0xCD6C, 0xC52B, 0x1061, 0x0000, 0x0000, 0x0000, 0x0000, 0x0000, 0x0000, 0x0000, 0x0000, 0x0000, 0x0000,
    0x0000, 0x0000, 0x2902, 0xDDEE, 0xCD6B, 0x9AC6, 0xA0C4, 0xA083, 0xBC2A, 0x9A26, 0x9862, 0xC46B, 0x9184, 0xA063, 0xA0A3, 0x9883,
    0x9883, 0xA0A4, 0xA8A4, 0xA8A4, 0xA083, 0x9883, 0x9883, 0xA083, 0xA083, 0x9883, 0xA084, 0xA8A4, 0xA083, 0xA083, 0x9883, 0xA084,
    0xA084, 0xA0A4, 0xA8A4, 0xA084, 0xA0A3, 0xA8A4, 0xA8A4, 0xA0A4, 0xA8A4, 0xA063, 0xA043, 0xA042, 0xCC0B, 0xA2E7, 0x9184, 0xCCAC,
    0x9863, 0xA063, 0xA063, 0xA8A4, 0xA083, 0xA0A4, 0xA084, 0x9883, 0x9883, 0x9883, 0x9883, 0x9883, 0x9883, 0x9083, 0x9883, 0x9883,
    0x9863, 0x9883, 0x9863, 0x9883, 0x9863, 0x9063, 0x9083, 0x9863, 0x9883, 0x9063, 0x9083, 0x9062, 0x9883, 0xA083, 0x9063, 0x8862,
    0xC4AC, 0xA144, 0x9103, 0xCD2E, 0x98C3, 0x9863, 0x9265, 0xBCEA, 0xE60E, 0x4183, 0x0000, 0x0000, 0x0000, 0x0000, 0x0000, 0x0000,
    0x0000, 0x0000, 0x0000, 0x0000, 0x0000, 0x0000, 0x6286, 0xEE4E, 0xBCA9, 0x91E4, 0xA063, 0xA144, 0xC4CC, 0x8882, 0xB226, 0xBC0A,
    0x9042, 0xA084, 0x9883, 0xA083, 0xA0A4, 0x9883, 0xA0A3, 0xA0A3, 0xA884, 0xA083, 0x9863, 0x9883, 0xA083, 0x9883, 0xA0A4, 0x9883,
    0xA084, 0xA083, 0x9883, 0xA083, 0xA084, 0xA8A4, 0xA084, 0x9883, 0xA0A3, 0xA083, 0xA083, 0xA8A4, 0xA0A3, 0xA144, 0xBA68, 0xA8C4,
    0xC40A, 0xA1E5, 0xA144, 0xC46B, 0xA104, 0xBA27, 0xA965, 0x9883, 0xA083, 0xA083, 0xA083, 0x9883, 0x9883, 0x9883, 0x9883, 0x9883,
    0x9883, 0x9063, 0x9063, 0x9062, 0x9063, 0x9883, 0x9883, 0x9863, 0x9063, 0x9883, 0x9883, 0x9883, 0x9883, 0x9883, 0x9883, 0x9883,
    0xA083, 0xA083, 0x9063, 0x9042, 0xB389, 0xBB29, 0x8801, 0xBC4B, 0xA1E5, 0x9822, 0x89A4, 0xAC28, 0xE64F, 0x72E6, 0x0000, 0x0000,
    0x0000, 0x0000, 0x0000, 0x0000, 0x0000, 0x0000, 0x0000, 0x0000, 0x0000, 0x0000, 0x93A8, 0xE64E, 0xAC28, 0x9123, 0xA063, 0xB287,
    0xBC0A, 0x9001, 0xBB49, 0xAAA7, 0xA043, 0xA0A3, 0x9083, 0xA083, 0xA063, 0xA043, 0xA043, 0xA063, 0xA083, 0xA083, 0xA083, 0x9883,
    0xA083, 0xA083, 0xA084, 0xA083, 0xA083, 0xA0A3, 0xA083, 0x9883, 0xA083, 0xA883, 0xA083, 0x9883, 0xA083, 0xA0A3, 0xA8A4, 0xA063,
    0x99E5, 0xD5AF, 0xA388, 0xABC9, 0xCD2D, 0xAA67, 0xA1C5, 0xC4EB, 0xB40A, 0xA307, 0xC50D, 0xA2C8, 0x9863, 0xA0A4, 0xA083, 0x9863,
    0xA083, 0xA083, 0xA083, 0xA083, 0x9883, 0x9883, 0x9883, 0x9083, 0x9063, 0x9883, 0x9883, 0x9063, 0x9063, 0x9863, 0x9883, 0x9883,
    0x9062, 0x9022, 0x9822, 0xA043, 0x9083, 0x9083, 0x9083, 0x9843, 0x99A5, 0xC46B, 0x9001, 0xB308, 0xB389, 0x9022, 0x9103, 0xA3A7,
    0xDDCD, 0x9BE9, 0x0000, 0x0000, 0x0000, 0x0000, 0x0000, 0x0000, 0x0000, 0x0000, 0x0000, 0x0000, 0x0000, 0x0000, 0xB46A, 0xDE0D,
    0xA387, 0x9904, 0xA042, 0xBB89, 0xBB29, 0x9822, 0xBC0A, 0xA1C5, 0xA863, 0xA0C4, 0x9863, 0x9022, 0xA945, 0xBA68, 0xB247, 0xA125,
    0x9843, 0xA083, 0xA0A3, 0xA083, 0xA083, 0x9883, 0x9883, 0xA0A3, 0xA083, 0xA883, 0xA083, 0x9883, 0xA083, 0xA083, 0x9883, 0xA083,
    0xA083, 0xA083, 0xA8A4, 0xA0A3, 0x90A2, 0xB42A, 0xB2E8, 0x8102, 0xB48A, 0xCCED, 0xBC0A, 0xBD0A, 0x9183, 0xAA07, 0xBC4B, 0x88C2,
    0x9883, 0x9883, 0x9883, 0xA083, 0xA0A4, 0x9883, 0xA083, 0xA083, 0xA083, 0xA083, 0xA0A3, 0x9883, 0x98A3, 0x9883, 0x9883, 0x9883,
    0x9083, 0x9063, 0xA0A3, 0xA063, 0x98C4, 0xB227, 0xB247, 0xA986, 0x9042, 0x9042, 0x9883, 0xA063, 0x90C3, 0xBC8C, 0x98A2, 0xAA26,
    0xBC2B, 0x8822, 0x98A3, 0x9B26, 0xCD8C, 0xBCAA, 0x0820, 0x0000, 0x0000, 0x0000, 0x0000, 0x0000, 0x0000, 0x0000, 0x0000, 0x0000,
    0x0000, 0x1861, 0xCD4C, 0xDE0D, 0x9B06, 0xA0A4, 0xA083, 0xBBEA, 0xA1A5, 0xA8C3, 0xBC4B, 0x90C3, 0xA0A3, 0xA042, 0xA965, 0xC40B,
    0xB429, 0x9BC8, 0xA3C8, 0xBC8A, 0xC3CA, 0xA0C4, 0xA083, 0xA8A3, 0xA083, 0x9883, 0x9883, 0xA083, 0xA083, 0xA883, 0xA083, 0x9883,
    0x9883, 0x9883, 0x9883, 0xA083, 0xA083, 0xA8A4, 0xA083, 0xA0A3, 0xA022, 0x91A4, 0xAC2A, 0xA328, 0xABA8, 0xCD6D, 0xBCEB, 0xBCCB,
    0xA347, 0xA40A, 0xA287, 0x9802, 0xA0A3, 0x9883, 0x9883, 0x9883, 0xA8A4, 0xA0A3, 0x9883, 0x9883, 0x9883, 0xA0A3, 0xA0A3, 0x9883,
    0x9883, 0x9863, 0x9063, 0x9883, 0x9883, 0x9062, 0x9042, 0xB2E8, 0xC4EC, 0xA409, 0x9BA8, 0xB48A, 0xCCAC, 0xA9A6, 0x9822, 0xA0A3,
    0x8822, 0xBBEA, 0xA9E6, 0x9904, 0xBC4A, 0x90A2, 0x9883, 0x9A85, 0xC52B, 0xCD4B, 0x20A1, 0x0000, 0x0000, 0x0000, 0x0000, 0x0000,
    0x0000, 0x0000, 0x0000, 0x0000, 0x0000, 0x28E2, 0xD56D, 0xD5ED, 0xA2A6, 0x9883, 0xA0C3, 0xC44B, 0xA144, 0xA185, 0xC48C, 0x90A3,
    0x9022, 0xA9E6, 0xD58E, 0x92E6, 0x78A1, 0x8041, 0x8842, 0x80E2, 0xA408, 0xC4AC, 0x9862, 0xA883, 0xA083, 0x9883, 0x9883, 0xA0A3,
    0xA083, 0xA083, 0x9883, 0x9883, 0x9883, 0x9883, 0xA083, 0x9883, 0xA083, 0xA0A4, 0xA083, 0x9842, 0xA9C6, 0xA369, 0x8B68, 0xA3A9,
    0x92E6, 0xC4EB, 0xC50C, 0x9B67, 0x9368, 0x9389, 0x9B48, 0xB227, 0x9842, 0xA083, 0xA0A3, 0xA083, 0xA083, 0x9883, 0xA083, 0xA083,
    0x9883, 0x9883, 0x9883, 0x9883, 0x9862, 0x9883, 0x9863, 0x9883, 0x9883, 0x8821, 0xB369, 0xAC8A, 0x7962, 0x7861, 0x6841, 0x68A1,
    0x8AC6, 0xD5AF, 0xB288, 0x9042, 0x9842, 0xB349, 0xB2E8, 0x8841, 0xC4CD, 0xA185, 0x9842, 0x9A45, 0xBCC9, 0xDDAC, 0x3942, 0x0000,
    0x0000, 0x0000, 0x0000, 0x0000, 0x0000, 0x0000, 0x0000, 0x0000, 0x0000, 0x3922, 0xDDAD, 0xD5CC, 0x9A45, 0x9863, 0x98E3, 0xC44A,
    0x98C3, 0xAA26, 0xBC2A, 0x9042, 0xA185, 0xCD4D, 0x81E4, 0x9022, 0xA084, 0x9883, 0x98A3, 0x9883, 0x8040, 0xCD4C, 0xAA47, 0x9842,
    0xA083, 0xA083, 0xA083, 0xA0A3, 0xA083, 0xA083, 0xA083, 0xA083, 0xA0C4, 0xA0A4, 0xA083, 0xA083, 0xA0A3, 0xA083, 0xA0A3, 0xBBAA,
    0xABE9, 0x91C5, 0x80E3, 0x9A45, 0xB42A, 0xA3C8, 0xA3C8, 0xAC2A, 0xA2C6, 0x8903, 0x91E5, 0xA3C9, 0xBBEB, 0x98A3, 0xA063, 0x98A3,
    0x9883, 0x9863, 0x9883, 0x98A3, 0x9863, 0x9883, 0x9083, 0x9062, 0x9063, 0x9863, 0x9063, 0x9883, 0x9863, 0x9924, 0xD58E, 0x70C1,
    0x9023, 0x98A3, 0xA0A4, 0xA0A4, 0x8842, 0x7963, 0xCD4D, 0xAA67, 0x9001, 0xAAC7, 0xB348, 0x9022, 0xC42B, 0xA1C4, 0x9822, 0x9A05,
    0xBD0A, 0xE5ED, 0x51C3, 0x0000, 0x0000, 0x0000, 0x0000, 0x0000, 0x0000, 0x0000, 0x0000, 0x0000, 0x0000, 0x4183, 0xDDED, 0xCD8B,
    0x9A05, 0xA063, 0xA124, 0xC46B, 0x9062, 0xB2C7, 0xB3CA, 0x9021, 0xDD4E, 0x9AE7, 0x8002, 0xA0A4, 0xA0A3, 0xA0A3, 0x98A3, 0x9883,
    0xB349, 0xDE0E, 0x9A06, 0x9863, 0xA083, 0xA083, 0xA083, 0xA083, 0x9883, 0x9083, 0x9863, 0xA0C3, 0xC44B, 0xCD0D, 0xA9A6, 0xA083,
    0x9862, 0x98C3, 0xC48C, 0xA327, 0x8862, 0xA043, 0xA985, 0x9944, 0xA246, 0xABEA, 0x9B48, 0xAB69, 0x90E3, 0xA986, 0xA063, 0x8842,
    0x8A45, 0xBC8C, 0xA125, 0x9822, 0xA0A4, 0xA0E4, 0xC46B, 0xC4ED, 0xA145, 0x9863, 0x9063, 0x9863, 0x9883, 0x9883, 0x9883, 0x9883,
    0x9843, 0x9164, 0xDDEE, 0xC44B, 0x88A3, 0x9062, 0x9883, 0x9883, 0x9883, 0x9042, 0x7963, 0xD56E, 0xA0A3, 0xAA26, 0xBBA9, 0x9022,
    0xBBC9, 0xA1E5, 0x9822, 0x91C4, 0xBCEA, 0xE60D, 0x6245, 0x0000, 0x0000, 0x0000, 0x0000, 0x0000, 0x0000, 0x0000, 0x0000, 0x0000,
    0x0000, 0x49A3, 0xDDCD, 0xCD6B, 0x99E5, 0xA063, 0x9924, 0xCC8B, 0x9883, 0xBB28, 0xA2E7, 0xA164, 0xCCED, 0x8882, 0x9883, 0x9063,
    0x9883, 0x9883, 0xA083, 0x98A3, 0x9AC6, 0x82A5, 0x90C3, 0xA083, 0xA8A3, 0xA8A3, 0xA0A3, 0xA0A4, 0x9883, 0x98A3, 0xA063, 0xA965,
    0xB44A, 0x92A5, 0xA985, 0x9822, 0xA185, 0xBC6B, 0xA307, 0x9862, 0x9883, 0x9924, 0xCD4D, 0xAB89, 0xA1A5, 0xBBEA, 0xBB8A, 0xAA47,
    0xA2E7, 0xC52D, 0xA986, 0xA0A4, 0x9062, 0x9A05, 0xBC4B, 0xA185, 0x9822, 0xA0E4, 0x9A25, 0xB48A, 0xA267, 0x9843, 0x9883, 0x9883,
    0x9883, 0x9883, 0x9083, 0x9083, 0x9883, 0x8062, 0x8245, 0x9B67, 0x88A3, 0x9883, 0x9863, 0x9063, 0x8842, 0x9883, 0x8801, 0xABAA,
    0xBB29, 0x9964, 0xB3A8, 0x9021, 0xBBEA, 0xA225, 0xA023, 0x9184, 0xBCEA, 0xE62E, 0x6245, 0x0000, 0x0000, 0x0000, 0x0000, 0x0000,
    0x0000, 0x0000, 0x0000, 0x0000, 0x0000, 0x51A3, 0xD5AC, 0xCD6B, 0x99E5, 0xA063, 0xA124, 0xC44A, 0x9863, 0xBB89, 0xAA86, 0xBB49,
    0xAAC7, 0x9842, 0x9883, 0x9863, 0x9883, 0x9883, 0x9883, 0xA0A4, 0x9042, 0x8802, 0x9822, 0x9863, 0x9863, 0x9822, 0x9822, 0x9842,
    0x9863, 0x9883, 0xA0A4, 0xA062, 0xAB69, 0xB369, 0xB247, 0xB329, 0xABC9, 0x9163, 0x9802, 0xA063, 0xA043, 0x98A3, 0xA3A8, 0x9B27,
    0xBBEA, 0xA246, 0x99C5, 0xBBEB, 0xA307, 0xB46A, 0xA124, 0x9843, 0xA883, 0xA023, 0x90E2, 0xAB69, 0xB2C8, 0xAA06, 0xAAC8, 0xB3C9,
    0x9062, 0xA023, 0xA043, 0xA043, 0x9883, 0xA083, 0xA083, 0x9883, 0x9063, 0x9883, 0x9042, 0x8842, 0x9883, 0x9863, 0x9863, 0x9063,
    0x9062, 0x9883, 0x9863, 0x99A5, 0xC46C, 0xA1C5, 0xC40A, 0x9022, 0xB3C9, 0xAA45, 0x9822, 0x9163, 0xBD0B, 0xE60D, 0x6244, 0x0000,
    0x0000, 0x0000, 0x0000, 0x0000, 0x0000, 0x0000, 0x0000, 0x0000, 0x0000, 0x4983, 0xD5AC, 0xCD8C, 0x99E5, 0x9863, 0xA124, 0xC46B,
    0x9863, 0xB307, 0xAB07, 0xBC0A, 0x9164, 0xA063, 0x98A3, 0x9883, 0x9883, 0x9883, 0xA0A3, 0x9883, 0x9863, 0xB2C8, 0xCCCD, 0xD52E,
    0xCCED, 0xCC8C, 0xC38B, 0xAA27, 0xA965, 0xA8C4, 0xA063, 0xA0C4, 0x9206, 0x8A25, 0x9BC9, 0xA3A9, 0xA246, 0xAA06, 0xAA27, 0xB247,
    0xBA88, 0xA8E4, 0x88E3, 0x8A66, 0x9205, 0x98A3, 0x9883, 0x9184, 0x9AC7, 0x8944, 0xA083, 0xB1C6, 0xB247, 0xAA06, 0xA1A6, 0xA1C5,
    0xA348, 0xA3E9, 0x9B88, 0x9A05, 0xA9C6, 0xB227, 0xA9E6, 0xAA87, 0xCC6B, 0x98A3, 0xA083, 0x9882, 0x9062, 0x9062, 0x9883, 0xA083,
    0x9883, 0x9863, 0x9862, 0x9063, 0x9863, 0xA0A3, 0xA0A4, 0x90E3, 0xBC0B, 0xA246, 0xBBC9, 0x9042, 0xC40A, 0xA205, 0x9822, 0x9184,
    0xBD0A, 0xD58B, 0x5A24, 0x0000, 0x0000, 0x0000, 0x0000, 0x0000, 0x0000, 0x0000, 0x0000, 0x0000, 0x0000, 0x4142, 0xD58C, 0xD5CC,
    0x9A05, 0xA063, 0x98E3, 0xCC6B, 0x98C3, 0xAA87, 0xB409, 0xABE9, 0x88C3, 0xA083, 0x9083, 0x9883, 0x9883, 0x98A3, 0x9883, 0x98C3,
    0xCCCD, 0xBD4C, 0x8B46, 0x7AA4, 0x9325, 0xB488, 0xBCEA, 0xD5CE, 0xDE0F, 0xDD90, 0xD50E, 0xC4ED, 0x9AC7, 0x9083, 0x9A66, 0x92E7,
    0x9B07, 0x9307, 0x92E7, 0x9327, 0x9B07, 0x9924, 0x98A3, 0x9883, 0xA083, 0xA0A4, 0xA8C4, 0xA083, 0x9062, 0x9083, 0x98C3, 0x9B07,
    0x9327, 0x8AE6, 0x9307, 0x9B48, 0x9B07, 0x8AC6, 0x8AA6, 0x92E7, 0x9B27, 0x9B48, 0x9347, 0x8AC5, 0x81E4, 0x9883, 0xA083, 0x98A3,
    0x98A3, 0x9083, 0x8862, 0x9083, 0x9883, 0x9863, 0x9863, 0x9863, 0x9883, 0xA0A3, 0xA083, 0x9862, 0xAB28, 0xB389, 0xB348, 0x8821,
    0xC44A, 0xA9C4, 0xA022, 0x99E5, 0xC52B, 0xD56B, 0x51E4, 0x0000, 0x0000, 0x0000, 0x0000, 0x0000, 0x0000, 0x0000, 0x0000, 0x0000,
    0x0000, 0x3122, 0xD56C, 0xD5ED, 0xA286, 0x9863, 0x9082, 0xC42B, 0xA144, 0xA205, 0xCD4C, 0xBBE9, 0x98A3, 0x9883, 0x9883, 0x9883,
    0x9883, 0x98A3, 0x8822, 0xBB69, 0xBCEC, 0x8081, 0x8802, 0x8042, 0x80E2, 0xCD2C, 0xB489, 0x71C2, 0x8A84, 0x8AA4, 0x8264, 0x8143,
    0x8801, 0x9042, 0x9002, 0x8801, 0x8022, 0x8842, 0x8801, 0x8001, 0x8021, 0xA0A3, 0xA8C4, 0xA0A4, 0x98A3, 0xA063, 0xA043, 0x9863,
    0x98A3, 0xA083, 0xA0A4, 0x8822, 0x8001, 0x8002, 0x8862, 0x9083, 0x8862, 0x7802, 0x7802, 0x7801, 0x8842, 0x9063, 0x8001, 0x8001,
    0x8802, 0x9883, 0x9883, 0x9842, 0x9002, 0x9822, 0xA063, 0xA063, 0x9883, 0x9883, 0x9883, 0x9863, 0xA063, 0xA083, 0xA083, 0x9842,
    0xAAE7, 0xBCCC, 0xA286, 0x9882, 0xBC4B, 0x9903, 0x9843, 0x9A05, 0xC50A, 0xCD2A, 0x4183, 0x0000, 0x0000, 0x0000, 0x0000, 0x0000,
    0x0000, 0x0000, 0x0000, 0x0000, 0x0000, 0x28C1, 0xC4EA, 0xDE2E, 0xAB07, 0xA083, 0x9862, 0xBC2B, 0xAA06, 0x90C2, 0xCD8C, 0xC42A,
    0x9863, 0xA0A3, 0x9883, 0x9863, 0x9883, 0x9883, 0x9082, 0xD54D, 0x9205, 0xA104, 0xB288, 0xA0A3, 0x98C3, 0xDDCE, 0xDDEE, 0x80C2,
    0x8862, 0x88A3, 0x99C6, 0xA9C6, 0xBA27, 0xBA88, 0xB2A9, 0xB2E9, 0xA165, 0xA124, 0xB2C8, 0xAAA7, 0xA124, 0xA8A4, 0xA0A3, 0xA0A4,
    0x98A3, 0xB287, 0xC329, 0xA9C6, 0x9883, 0xBA47, 0xA9E6, 0xA1E6, 0xAA27, 0xB207, 0x98A3, 0x9863, 0x9924, 0xAA47, 0xAA27, 0xAA27,
    0x98E4, 0xA0A3, 0xAA06, 0xAA06, 0xA9E6, 0x9883, 0x9862, 0xAA67, 0xBBEB, 0xBAC9, 0xA165, 0xA145, 0xA063, 0x9863, 0x9062, 0x9883,
    0x9062, 0x9862, 0xA083, 0x9842, 0xB369, 0xD60E, 0x9183, 0xA124, 0xBC2A, 0x90A2, 0x9863, 0xA2A6, 0xCD8C, 0xC4E9, 0x3102, 0x0000,
    0x0000, 0x0000, 0x0000, 0x0000, 0x0000, 0x0000, 0x0000, 0x0000, 0x0000, 0x1060, 0xAC49, 0xD5ED, 0xAB67, 0xA0A3, 0x9843, 0xB348,
    0xB267, 0x9062, 0xBC89, 0xC42B, 0x9042, 0x9883, 0x9063, 0x9863, 0x9883, 0xA083, 0x98C3, 0xD58E, 0x9964, 0x9164, 0xD5EE, 0xC3AA,
    0x9082, 0xCD4C, 0xDDCE, 0x98E3, 0x9883, 0x98C3, 0xC4AC, 0xDE70, 0xB4CB, 0xB4AB, 0xAC8A, 0xC5AD, 0xBAE8, 0x88C3, 0xAC69, 0xF731,
    0xB389, 0x9863, 0xA0C4, 0xA083, 0xA185, 0xDE6F, 0xDE4F, 0xA266, 0x8821, 0xC4AC, 0xE690, 0xAC49, 0xAC49, 0xCD8D, 0xCCCC, 0x9104,
    0x88C2, 0xC52D, 0xE6B0, 0x9B88, 0x90C3, 0x8862, 0xA368, 0xCDCE, 0xA328, 0x8842, 0xBB89, 0xCD8D, 0x9366, 0xB4EB, 0xEEF2, 0xB369,
    0x9822, 0xA083, 0x9063, 0x9063, 0xA083, 0x9863, 0x9883, 0x9822, 0xBBA9, 0xC54B, 0x9102, 0xA1E6, 0xBC2A, 0x9862, 0x98A3, 0xAB47,
    0xCD6B, 0xBC88, 0x20A1, 0x0000, 0x0000, 0x0000, 0x0000, 0x0000, 0x0000, 0x0000, 0x0000, 0x0000, 0x0000, 0x0000, 0x9B87, 0xDE0D,
    0xBC49, 0x98C3, 0x9843, 0xA246, 0xC3CA, 0x9022, 0xB3E8, 0xC44B, 0x9042, 0xA0A3, 0x9883, 0x9863, 0x9883, 0xA083, 0x9062, 0xBC6A,
    0xC3CA, 0x88C3, 0xCD0B, 0xC44B, 0x8862, 0xD52C, 0xD5AE, 0x9904, 0xA8A4, 0x9822, 0xAB07, 0xE6B0, 0x8A04, 0x7841, 0x7841, 0x9AC6,
    0xB2E8, 0x8801, 0x9A65, 0xE64E, 0xD54D, 0x90C3, 0xA8C4, 0xA063, 0xAB07, 0xE68E, 0xBC8A, 0x90A3, 0x9843, 0xA2A6, 0xE66E, 0x9225,
    0x7841, 0x6922, 0xD60E, 0xD4ED, 0x8801, 0xB369, 0xEED0, 0x91C4, 0x9042, 0x9062, 0x9124, 0xD5AE, 0x80A2, 0x9944, 0xE64F, 0x8A44,
    0x8001, 0x78E2, 0xCD6D, 0xAA06, 0x9842, 0x9883, 0x9862, 0x9863, 0x9863, 0x9863, 0x9883, 0x8822, 0xB369, 0xB469, 0x8041, 0xB2E8,
    0xA307, 0x9843, 0x98C3, 0xB409, 0xD5CC, 0xA407, 0x0820, 0x0000, 0x0000, 0x0000, 0x0000, 0x0000, 0x0000, 0x0000, 0x0000, 0x0000,
    0x0000, 0x0000, 0x7AA5, 0xD58B, 0xC4CA, 0x9923, 0xA063, 0x9124, 0xBC2B, 0x9883, 0xA285, 0xCCCC, 0x9083, 0x9883, 0x9883, 0x9883,
    0x9883, 0x9883, 0x9883, 0x7902, 0xA409, 0xC50D, 0xBCCB, 0x9164, 0x9062, 0xD52C, 0xD5AE, 0x9903, 0xA083, 0xA042, 0xAAA7, 0xEF12,
    0xAAC8, 0x9842, 0x9883, 0x9924, 0x9985, 0xA042, 0xAAA7, 0xD58C, 0xE62E, 0xB287, 0xA063, 0x90C3, 0xC4CC, 0xE68F, 0xC4CB, 0x98C3,
    0xA063, 0xAB28, 0xEECF, 0xA226, 0xA063, 0x8883, 0xC50C, 0xDDCE, 0x8042, 0xB389, 0xE6B0, 0x9A26, 0xA063, 0x9863, 0xA1C5, 0xC50C,
    0x8882, 0xAA06, 0xEEB0, 0xA2E7, 0x8802, 0x98A3, 0xA308, 0x9904, 0x9863, 0x9883, 0x9863, 0x9883, 0xA083, 0x9883, 0xA0A3, 0x9042,
    0xBC2A, 0xABA7, 0x8801, 0xBC0B, 0x91E5, 0x9822, 0x9944, 0xBCAA, 0xD58C, 0x8B46, 0x0000, 0x0000, 0x0000, 0x0000, 0x0000, 0x0000,
    0x0000, 0x0000, 0x0000, 0x0000, 0x0000, 0x0000, 0x51C3, 0xCD0A, 0xCDAD, 0xA246, 0x9863, 0x9062, 0xBC4B, 0xA1A6, 0x9143, 0xCD2C,
    0x9924, 0x9863, 0x9883, 0x9863, 0x9883, 0xA0A4, 0x9883, 0x9063, 0x7841, 0x78C2, 0x80A2, 0x9863, 0x90C3, 0xCD2C, 0xD5AE, 0x88E3,
    0xA083, 0xA043, 0xAA46, 0xEEF1, 0xA266, 0x9022, 0xB329, 0xA0C3, 0xA083, 0xA043, 0xBB48, 0xA3C8, 0xCD6C, 0xD54D, 0x9042, 0xB287,
    0xBCCB, 0xC50C, 0xC50C, 0x8882, 0x9842, 0xB328, 0xEED0, 0x9A25, 0x9863, 0x9882, 0xD54D, 0xD58C, 0x8062, 0xAB48, 0xDE6E, 0x9205,
    0xA083, 0xA063, 0x9984, 0xBCCB, 0x90A3, 0x9103, 0xD58D, 0xEE6F, 0xAAC7, 0x9042, 0x8842, 0x9083, 0x9063, 0x9863, 0x9863, 0x9063,
    0x9883, 0xA083, 0x9883, 0x9883, 0xCD0C, 0x9A85, 0x98A3, 0xBC8C, 0x9103, 0x9863, 0x99C5, 0xC50B, 0xCD6B, 0x6244, 0x0000, 0x0000,
    0x0000, 0x0000, 0x0000, 0x0000, 0x0000, 0x0000, 0x0000, 0x0000, 0x0000, 0x0000, 0x20C1, 0xB448, 0xD5ED, 0xB388, 0x9883, 0x9042,
    0xAB07, 0xBB29, 0x8821, 0xBC8A, 0xAA06, 0x9842, 0x9883, 0x9883, 0x9883, 0x9883, 0x9883, 0x9883, 0xA083, 0xA063, 0xA883, 0xA0A3,
    0x9082, 0xCD0C, 0xD5EF, 0x9103, 0xA083, 0x9843, 0xA246, 0xDE2E, 0xB3EA, 0xBBEA, 0xCCAB, 0x98A3, 0xA8C4, 0x9822, 0xB348, 0xB3E9,
    0xA388, 0xEED0, 0x9123, 0xCC2A, 0x92A6, 0xC4CB, 0xD58D, 0x90C3, 0x9842, 0xAB08, 0xE6B0, 0x9A45, 0x9022, 0xAA88, 0xD5EE, 0xA347,
    0x9042, 0xBBC9, 0xE68F, 0x91C4, 0xA083, 0x9062, 0xA1C5, 0xCD4D, 0x90C3, 0x8022, 0x8A04, 0xD5ED, 0xF711, 0xCCCC, 0x90E3, 0x9842,
    0x9883, 0x9883, 0x9063, 0x9083, 0x9883, 0x9083, 0x9062, 0xA124, 0xC4CB, 0x88E2, 0xB247, 0xB3C9, 0x9042, 0x9883, 0xA2E6, 0xCD6B,
    0xBCC8, 0x3962, 0x0000, 0x0000, 0x0000, 0x0000, 0x0000, 0x0000, 0x0000, 0x0000, 0x0000, 0x0000, 0x0000, 0x0000, 0x0000, 0x8B25,
    0xD5AC, 0xC4AB, 0x98C3, 0x9862, 0x8943, 0xBC2B, 0x9062, 0xA2C6, 0xBB69, 0x9002, 0x9883, 0x9063, 0x9883, 0x9883, 0x9883, 0x9883,
    0x9883, 0x9883, 0xA083, 0xA0A3, 0x9082, 0xBC8A, 0xDDEE, 0x9924, 0xA083, 0x9843, 0x9A46, 0xDE4F, 0x9327, 0x8264, 0xABC8, 0xA104,
    0xA0A4, 0x9022, 0xAB28, 0xC42B, 0x8984, 0xE66F, 0xC48A, 0xC4EC, 0x7923, 0xCD0C, 0xCD2C, 0x90C3, 0x9042, 0xAB08, 0xE66F, 0xB46A,
    0xB3EA, 0xBD2C, 0x8B26, 0x88E2, 0x9822, 0xBBC9, 0xE66F, 0x8984, 0x9863, 0x9042, 0xA9E6, 0xD56D, 0x88A2, 0x9883, 0x9062, 0x7902,
    0xA408, 0xEEF0, 0xDDCE, 0xA1C5, 0x9842, 0x9883, 0x9883, 0x9883, 0x9883, 0x98A3, 0x9022, 0xAA67, 0xA387, 0x8001, 0xBC0B, 0x9A25,
    0xA063, 0x98A3, 0xABC8, 0xCD8C, 0xA407, 0x1881, 0x0000, 0x0000, 0x0000, 0x0000, 0x0000, 0x0000, 0x0000, 0x0000, 0x0000, 0x0000,
    0x0000, 0x0000, 0x0000, 0x5A24, 0xC50A, 0xCD6C, 0x99A4, 0x9863, 0x8842, 0xB409, 0xB247, 0x80A2, 0xBC2A, 0x98C3, 0x9062, 0x9883,
    0x9883, 0x9883, 0x9083, 0x9883, 0x9063, 0x9883, 0xA0A3, 0xA0A3, 0x8882, 0xCD0B, 0xDDCE, 0x9904, 0xA083, 0x9042, 0x9205, 0xE690,
    0xA287, 0x8001, 0x9205, 0x98E3, 0xA063, 0x9842, 0xBB89, 0xBC0A, 0x7841, 0xC4CB, 0xEED0, 0xABE9, 0x7882, 0xD5AE, 0xCD2C, 0x88A3,
    0x9843, 0xB348, 0xE68F, 0x8244, 0x6963, 0x7102, 0x88A3, 0x98A3, 0x8822, 0xBBC9, 0xE6AF, 0x99C4, 0x9863, 0x9863, 0xAA06, 0xCD4D,
    0x90C3, 0x9862, 0xA1E6, 0xAAA8, 0x68A2, 0x8AA5, 0xF731, 0xD52D, 0x8862, 0x9883, 0x9862, 0x9883, 0xA083, 0x9883, 0x9042, 0xB40B,
    0x8183, 0x9924, 0xBC8B, 0x88A2, 0x9863, 0x9924, 0xBCCB, 0xC50A, 0x8305, 0x0000, 0x0000, 0x0000, 0x0000, 0x0000, 0x0000, 0x0000,
    0x0000, 0x0000, 0x0000, 0x0000, 0x0000, 0x0000, 0x0000, 0x20E1, 0xAC27, 0xD5CD, 0xA2E6, 0x9042, 0x9042, 0x9A45, 0xC40B, 0x8000,
    0xAB88, 0xB2E8, 0x9022, 0x9883, 0x9883, 0x9883, 0x9883, 0x9083, 0x9883, 0x98A3, 0xA0A4, 0x9883, 0x90C3, 0xCD2C, 0xDDCE, 0x9904,
    0x9883, 0x9863, 0x9A05, 0xE690, 0xAAA7, 0x9863, 0x9883, 0xA0E4, 0xAA06, 0x9822, 0xBB69, 0xBBCA, 0x8801, 0xA308, 0xEEB1, 0x9226,
    0x8062, 0xD5AE, 0xCD2C, 0x88C3, 0x9842, 0xB348, 0xE68F, 0x9225, 0x9843, 0xA0A3, 0x9883, 0x98A3, 0x9042, 0xB3A9, 0xE6AF, 0x99E5,
    0x9883, 0x9883, 0x9984, 0xCD2C, 0x8862, 0xAAA8, 0xCD8D, 0xA429, 0xDD6F, 0x7861, 0xC4AB, 0xDE0E, 0x9123, 0x9843, 0x9883, 0x9063,
    0x9083, 0x9022, 0xA9E6, 0xB46A, 0x7800, 0xBB69, 0x9AE7, 0x9042, 0x9042, 0x9A66, 0xCD6C, 0xBCA8, 0x49A3, 0x0000, 0x0000, 0x0000,
    0x0000, 0x0000, 0x0000, 0x0000, 0x0000, 0x0000, 0x0000, 0x0000, 0x0000, 0x0000, 0x0000, 0x0000, 0x82E5, 0xCD2A, 0xC4CB, 0x9123,
    0xA083, 0x88A2, 0xB40A, 0xA145, 0x9163, 0xC4AC, 0x9083, 0x9063, 0x9063, 0x9883, 0x9083, 0x9063, 0x9063, 0x9883, 0x98A4, 0x9883,
    0x88C3, 0xC4CA, 0xDDCE, 0x9103, 0x9883, 0x9862, 0xA286, 0xE690, 0xA2A7, 0x9001, 0x9802, 0xB1E6, 0xBBAA, 0x8821, 0xAB08, 0xBBEA,
    0x9842, 0x9185, 0xC52D, 0x9104, 0x8882, 0xCD4D, 0xCD6D, 0x98E4, 0x9822, 0xAAE7, 0xE68F, 0x9A45, 0xA083, 0xA0A3, 0x9083, 0x98A3,
    0x9842, 0xA2E7, 0xE68F, 0x9A66, 0x9002, 0x9001, 0xAA46, 0xCD2C, 0x8041, 0xD52D, 0xA347, 0x8123, 0xCCAB, 0x8862, 0xB389, 0xCDAB,
    0x8923, 0x9842, 0x9083, 0x9063, 0x9062, 0x8801, 0xBC4B, 0x9A45, 0x98A3, 0xC4CC, 0x9103, 0xA083, 0x90A3, 0xB429, 0xCD6C, 0xA3E7,
    0x1081, 0x0000, 0x0000, 0x0000, 0x0000, 0x0000, 0x0000, 0x0000, 0x0000, 0x0000, 0x0000, 0x0000, 0x0000, 0x0000, 0x0000, 0x0000,
    0x49A3, 0xBC68, 0xD5AD, 0xA266, 0x9042, 0x9042, 0x9265, 0xC3CB, 0x8801, 0xABC9, 0xAA47, 0x8822, 0x9883, 0x9883, 0x9083, 0x9063,
    0x9063, 0x9883, 0x9883, 0x9863, 0x90E3, 0xC4CA, 0xD5EE, 0x9124, 0x9863, 0x9042, 0xA286, 0xE64F, 0xBC0B, 0xA9E7, 0xB288, 0xD50E,
    0xBAE8, 0x8801, 0xB368, 0xCC2B, 0x9022, 0x88C3, 0x9AC8, 0x98C3, 0x8862, 0xCD4C, 0xD58D, 0x9904, 0x9022, 0x9AC6, 0xEEF0, 0xA2C6,
    0x9022, 0x9883, 0x9883, 0x98A3, 0xA083, 0x8944, 0xC56D, 0xDDAE, 0xB267, 0xA9E7, 0xCD2D, 0xABC9, 0x8021, 0xBC8B, 0xD50D, 0x8842,
    0x8801, 0x8863, 0xC4CB, 0x9BA7, 0x90A3, 0x9863, 0x9863, 0x9883, 0x9022, 0x9985, 0xBC6B, 0x8021, 0xB329, 0xA327, 0x9022, 0x9862,
    0x91A4, 0xCD6D, 0xC4E9, 0x72A5, 0x0000, 0x0000, 0x0000, 0x0000, 0x0000, 0x0000, 0x0000, 0x0000, 0x0000, 0x0000, 0x0000, 0x0000,
    0x0000, 0x0000, 0x0000, 0x0000, 0x1060, 0x9385, 0xCD6B, 0xBC4A, 0x88A2, 0x9083, 0x8082, 0xB44A, 0xA185, 0x8102, 0xBC6B, 0x98C4,
    0x9062, 0x9883, 0x9063, 0x9083, 0x9883, 0x9883, 0x9083, 0x9883, 0x90E3, 0xCD0B, 0xE64E, 0xA206, 0x9842, 0x9144, 0x9B87, 0xA3C7,
    0xAC6A, 0xB48B, 0xA409, 0x9BE7, 0xA2C7, 0xA1E6, 0xB48B, 0xBC8C, 0x9145, 0x9883, 0x9883, 0x9863, 0xA2C8, 0xC54C, 0xC52B, 0xA308,
    0x9924, 0xB44A, 0xD5CE, 0xA3C9, 0x9124, 0x9883, 0xA083, 0xA0A3, 0x9083, 0x8062, 0x81A4, 0xA408, 0xBD0C, 0xB4EB, 0x9366, 0x78C2,
    0x8862, 0x7923, 0xC52B, 0xBC2A, 0xB34A, 0xC48B, 0xA408, 0x7923, 0x9863, 0x9062, 0x9083, 0x9883, 0x9042, 0xBC2B, 0x9205, 0x9083,
    0xBCAB, 0x8903, 0x9863, 0x9082, 0xB3C9, 0xCD8C, 0xB447, 0x3122, 0x0000, 0x0000, 0x0000, 0x0000, 0x0000, 0x0000, 0x0000, 0x0000,
    0x0000, 0x0000, 0x0000, 0x0000, 0x0000, 0x0000, 0x0000, 0x0000, 0x0000, 0x5A03, 0xBC88, 0xCD8D, 0x9A25, 0x9062, 0x9063, 0x91E4,
    0xB3CA, 0x8021, 0xA368, 0xBB49, 0x9022, 0x9083, 0x9063, 0x8862, 0x9083, 0x9883, 0x9883, 0x9863, 0x99A4, 0xD5AC, 0xDE0E, 0xAB89,
    0x9062, 0x90E3, 0x7903, 0x7081, 0x7081, 0x7881, 0x7061, 0x7041, 0x88C3, 0x9945, 0x8124, 0x70A2, 0x88C3, 0xA8A4, 0xA0C4, 0x90A3,
    0x8985, 0x8143, 0x7103, 0x7944, 0x9104, 0x8984, 0x6903, 0x68C3, 0x90A3, 0x9883, 0x9883, 0x9063, 0x9062, 0x9863, 0x9863, 0x7882,
    0x70C1, 0x68A1, 0x8062, 0x9062, 0x98A3, 0x9082, 0x78E2, 0x8AA5, 0x8B47, 0x8284, 0x7923, 0x9883, 0x9883, 0x9062, 0x9083, 0x9002,
    0xB288, 0xBCAB, 0x8000, 0xBB69, 0xA306, 0x9062, 0x9863, 0x91C4, 0xCD6C, 0xBCC9, 0x82E5, 0x0000, 0x0000, 0x0000, 0x0000, 0x0000,
    0x0000, 0x0000, 0x0000, 0x0000, 0x0000, 0x0000, 0x0000, 0x0000, 0x0000, 0x0000, 0x0000, 0x0000, 0x0000, 0x18A1, 0x9B85, 0xC50A,
    0xBC6A, 0x90C3, 0x9883, 0x8062, 0xABA9, 0xAA88, 0x7861, 0xBC8B, 0x9985, 0x8822, 0x9063, 0x9062, 0x9062, 0x9062, 0x9883, 0x8821,
    0xC449, 0xE64F, 0x8225, 0x7841, 0x9904, 0xA124, 0xA145, 0xA165, 0x9945, 0xA165, 0xA965, 0xB186, 0xB145, 0xA104, 0x9904, 0x9124,
    0x9904, 0xA0C4, 0x9083, 0x8842, 0x9863, 0xA0A4, 0x98C4, 0x9062, 0x8822, 0x8842, 0x98A3, 0x98E4, 0xA104, 0x90E3, 0x9104, 0xA125,
    0xA104, 0xA124, 0xA125, 0x9905, 0x9904, 0x9925, 0xA145, 0xA124, 0x8862, 0x9062, 0x9083, 0x8042, 0x8042, 0x8863, 0x9062, 0x9883,
    0x9862, 0x9062, 0x9062, 0x90C3, 0xC4AB, 0x9163, 0xA165, 0xB44A, 0x8882, 0x9863, 0x90A3, 0xBC4A, 0xCD6C, 0xAC07, 0x3963, 0x0000,
    0x0000, 0x0000, 0x0000, 0x0000, 0x0000, 0x0000, 0x0000, 0x0000, 0x0000, 0x0000, 0x0000, 0x0000, 0x0000, 0x0000, 0x0000, 0x0000,
    0x0000, 0x0000, 0x5A04, 0xB427, 0xCD4B, 0xA286, 0x9062, 0x98A3, 0x8143, 0xC4AC, 0x90C3, 0x89C4, 0xBC8C, 0x8862, 0x9062, 0x9063,
    0x9063, 0x9062, 0x9904, 0xB3AA, 0xC52C, 0x79C4, 0x8842, 0xBBAA, 0xABE9, 0xA368, 0xA368, 0xA347, 0x9AE7, 0x9BA8, 0xAC4A, 0xAC0A,
    0xA328, 0x9AE7, 0xA348, 0xA388, 0xA307, 0x98A3, 0x9883, 0xA1E6, 0x9945, 0x9062, 0x9862, 0x9945, 0xA247, 0x90E3, 0x9062, 0xA287,
    0xAB88, 0x9B27, 0x9B27, 0xA348, 0xABE9, 0xB46A, 0xABE9, 0x9B28, 0x9B48, 0x9B48, 0xA388, 0xABE9, 0xBC4C, 0x98C3, 0x9062, 0xA0A4,
    0xA0A3, 0x9883, 0x9062, 0x9062, 0x9062, 0x9882, 0x9022, 0xBC2B, 0x9285, 0x8821, 0xCCED, 0x9225, 0x9042, 0x8842, 0x9A25, 0xD58C,
    0xBCA8, 0x82E5, 0x0020, 0x0000, 0x0000, 0x0000, 0x0000, 0x0000, 0x0000, 0x0000, 0x0000, 0x0000, 0x0000, 0x0000, 0x0000, 0x0000,
    0x0000, 0x0000, 0x0000, 0x0000, 0x0000, 0x0000, 0x1081, 0x9365, 0xC509, 0xC50B, 0x9144, 0x9083, 0x8862, 0x9285, 0xBB89, 0x7800,
    0x9B27, 0xB36A, 0x8822, 0x9083, 0x8862, 0x8842, 0x88A2, 0x7984, 0x78A2, 0x8842, 0x9083, 0x8A25, 0x78E2, 0x8882, 0x8882, 0x8822,
    0x9A87, 0x9347, 0x8245, 0x8B07, 0x9B28, 0x80E3, 0x8062, 0x90A3, 0x9082, 0x9062, 0xAB49, 0x9B68, 0xABE9, 0x99C5, 0x9924, 0xBC6B,
    0x8B06, 0xABCA, 0x88E3, 0x8082, 0x88A2, 0x8841, 0x80C3, 0x92E7, 0x9347, 0x8A65, 0x8AA5, 0x92A6, 0x7862, 0x7882, 0x8882, 0x78C2,
    0x8A45, 0x90A3, 0x9062, 0x9883, 0x9083, 0x9062, 0x9062, 0x8862, 0x9083, 0x8801, 0xB309, 0xB409, 0x7800, 0xAAE8, 0xA367, 0x8842,
    0x9063, 0x88C3, 0xBC6A, 0xC54B, 0xA3C5, 0x3122, 0x0000, 0x0000, 0x0000, 0x0000, 0x0000, 0x0000, 0x0000, 0x0000, 0x0000, 0x0000,
    0x0000, 0x0000, 0x0000, 0x0000, 0x0000, 0x0000, 0x0000, 0x0000, 0x0000, 0x0000, 0x0000, 0x49C3, 0xABC6, 0xD58C, 0xB3A9, 0x8862,
    0x98A3, 0x8041, 0xA3A8, 0xBAE9, 0x7800, 0xAC09, 0xAAA8, 0x8801, 0x9083, 0x8862, 0x8862, 0x8022, 0x9062, 0x9083, 0x9883, 0x8842,
    0x9063, 0x9083, 0x9062, 0xA125, 0xCD4E, 0x9286, 0x88C3, 0x7841, 0x8184, 0xB3CA, 0xA1C6, 0x9022, 0x98A3, 0x8062, 0xBC8B, 0xAB68,
    0x9184, 0xBBEA, 0xB38A, 0x8A05, 0xA2A7, 0xD58D, 0x9144, 0x8883, 0x9842, 0xB165, 0xBBEA, 0x8A25, 0x8042, 0x88A3, 0x8A67, 0xBCCC,
    0xB227, 0x9843, 0x9883, 0x9083, 0x8842, 0x9062, 0x9063, 0x8862, 0x9083, 0x9062, 0x9062, 0x8883, 0x8821, 0xA1E6, 0xB48B, 0x8061,
    0xA9E6, 0xB46B, 0x7861, 0x9883, 0x8862, 0xAB48, 0xD5CD, 0xB447, 0x6A44, 0x0000, 0x0000, 0x0000, 0x0000, 0x0000, 0x0000, 0x0000,
    0x0000, 0x0000, 0x0000, 0x0000, 0x0000, 0x0000, 0x0000, 0x0000, 0x0000, 0x0000, 0x0000, 0x0000, 0x0000, 0x0000, 0x0000, 0x0840,
    0x82C5, 0xBC68, 0xD56C, 0x9A05, 0x9062, 0x9883, 0x7881, 0xB46A, 0xAA27, 0x7861, 0xB46B, 0xA227, 0x9022, 0x9083, 0x8862, 0x8862,
    0x8862, 0x9082, 0x8862, 0x9083, 0x8883, 0x8862, 0x9883, 0x90A3, 0xABE9, 0xBCAA, 0x9144, 0x9083, 0x9063, 0x8902, 0xABA9, 0x99E6,
    0x8822, 0x8842, 0x8143, 0x8983, 0xA185, 0xB3EA, 0xB3CA, 0xAA67, 0x9164, 0x9205, 0x8842, 0x8821, 0xA1A5, 0xBC4B, 0x8963, 0x9842,
    0x9883, 0x88E3, 0xBCAB, 0xB4AB, 0x8924, 0x9863, 0x9083, 0x9083, 0x9883, 0x9062, 0x9062, 0x9062, 0x9062, 0x9062, 0x9083, 0x8801,
    0x9924, 0xBC8B, 0x8102, 0x9904, 0xC4CC, 0x8923, 0x8842, 0x8842, 0x9A05, 0xCD4C, 0xBCA8, 0x9B65, 0x1881, 0x0000, 0x0000, 0x0000,
    0x0000, 0x0000, 0x0000, 0x0000, 0x0000, 0x0000, 0x0000, 0x0000, 0x0000, 0x0000, 0x0000, 0x0000, 0x0000, 0x0000, 0x0000, 0x0000,
    0x0000, 0x0000, 0x0000, 0x0000, 0x3102, 0x9B85, 0xC50A, 0xC4EB, 0x9123, 0x9042, 0x9062, 0x8102, 0xB42A, 0x9124, 0x78E2, 0xBCCC,
    0xA185, 0x8001, 0x8883, 0x9062, 0x8862, 0x8862, 0x8862, 0x8862, 0x8862, 0x9083, 0x8862, 0x9063, 0x80A2, 0x78C2, 0x8882, 0x8882,
    0x90A3, 0x9883, 0x88C2, 0xA389, 0xB309, 0xA124, 0xA0C4, 0x9924, 0xB40A, 0x89C5, 0x78C2, 0xABCA, 0xA185, 0x9083, 0x98E4, 0xAA87,
    0xA3E9, 0x8123, 0x9842, 0x9883, 0x9083, 0x8062, 0x7081, 0x78A2, 0x9083, 0x9083, 0x9062, 0x9082, 0x9062, 0x9062, 0x9062, 0x8862,
    0x8862, 0x8883, 0x8842, 0x9945, 0xC4EC, 0x8983, 0x9062, 0xBC6B, 0x81C3, 0x9062, 0x9062, 0x9103, 0xC4CB, 0xC52A, 0xA3A5, 0x49A3,
    0x0000, 0x0000, 0x0000, 0x0000, 0x0000, 0x0000, 0x0000, 0x0000, 0x0000, 0x0000, 0x0000, 0x0000, 0x0000, 0x0000, 0x0000, 0x0000,
    0x0000, 0x0000, 0x0000, 0x0000, 0x0000, 0x0000, 0x0000, 0x0000, 0x0000, 0x59E3, 0xA3A6, 0xD5AC, 0xBC09, 0x88A2, 0x9883, 0x9863,
    0x7963, 0xB44B, 0x90A3, 0x8983, 0xBC8B, 0x9165, 0x8822, 0x9083, 0x8862, 0x8862, 0x8862, 0x8862, 0x9083, 0x8862, 0x9062, 0x9083,
    0x9062, 0x9062, 0x9083, 0x9082, 0x9883, 0x9083, 0x9063, 0x8062, 0x8A65, 0xA368, 0xA369, 0xA3C9, 0x79E4, 0x8042, 0x8862, 0x8102,
    0x9B48, 0xAB89, 0xA369, 0x92E7, 0x78A2, 0x8842, 0x9083, 0x9083, 0x8862, 0x9062, 0x9062, 0x9063, 0x8862, 0x8882, 0x9082, 0x9062,
    0x8862, 0x8862, 0x9062, 0x8862, 0x8883, 0x8822, 0x88E3, 0xBC8B, 0x81E3, 0x9062, 0xC44B, 0x8265, 0x8022, 0x9082, 0x8862, 0xB3C9,
    0xCD8C, 0xAC26, 0x7AC5, 0x0000, 0x0000, 0x0000, 0x0000, 0x0000, 0x0000, 0x0000, 0x0000, 0x0000, 0x0000, 0x0000, 0x0000, 0x0000,
    0x0000, 0x0000, 0x0000, 0x0000, 0x0000, 0x0000, 0x0000, 0x0000, 0x0000, 0x0000, 0x0000, 0x0000, 0x0000, 0x0820, 0x7A84, 0xAC06,
    0xD5AC, 0xB368, 0x9062, 0x98A3, 0x8042, 0x8204, 0xBC2A, 0x8863, 0x8163, 0xBC6B, 0xA185, 0x9042, 0x9083, 0x9063, 0x8862, 0x9082,
    0x8862, 0x9063, 0x9083, 0x8863, 0x8863, 0x9083, 0x9082, 0x9883, 0x9062, 0x9062, 0x9083, 0x90A3, 0x8842, 0x7862, 0x78A2, 0x7861,
    0x8842, 0x9083, 0x98A3, 0x9863, 0x7842, 0x78A2, 0x7862, 0x8822, 0x9062, 0x8882, 0x8862, 0x8882, 0x9062, 0x9063, 0x9063, 0x8862,
    0x8862, 0x9062, 0x9062, 0x9062, 0x9062, 0x9062, 0x9063, 0x8882, 0x8842, 0x9904, 0xBC6B, 0x81C3, 0x8001, 0xC40B, 0x9306, 0x8842,
    0x90A3, 0x8842, 0xA2E7, 0xD5CD, 0xB488, 0x9324, 0x18A1, 0x0000, 0x0000, 0x0000, 0x0000, 0x0000, 0x0000, 0x0000, 0x0000, 0x0000,
    0x0000, 0x0000, 0x0000, 0x0000, 0x0000, 0x0000, 0x0000, 0x0000, 0x0000, 0x0000, 0x0000, 0x0000, 0x0000, 0x0000, 0x0000, 0x0000,
    0x0000, 0x0000, 0x1881, 0x8AE4, 0xAC27, 0xD5AC, 0xA2A6, 0x8842, 0x90A3, 0x8862, 0x92A6, 0xB3EA, 0x8022, 0x8183, 0xBCAB, 0x9965,
    0x8821, 0x8883, 0x8862, 0x9062, 0x9062, 0x9062, 0x8862, 0x8863, 0x8862, 0x9062, 0x9062, 0x9062, 0x9063, 0x9063, 0x9063, 0x9863,
    0x9883, 0x9883, 0x9883, 0x9083, 0x9082, 0xA0A3, 0xA0A3, 0x9083, 0x9083, 0x9883, 0x9883, 0x9883, 0x9062, 0x8862, 0x8862, 0x8862,
    0x9062, 0x9863, 0x8862, 0x8862, 0x9062, 0x9062, 0x9062, 0x9062, 0x8862, 0x9863, 0x90A3, 0x8021, 0x9104, 0xBC6B, 0x8A03, 0x7801,
    0xB389, 0x8AE5, 0x8862, 0xA0A3, 0x9042, 0xA266, 0xD5CD, 0xBCEA, 0x9B85, 0x3102, 0x0000, 0x0000, 0x0000, 0x0000, 0x0000, 0x0000,
    0x0000, 0x0000, 0x0000, 0x0000, 0x0000, 0x0000, 0x0000, 0x0000, 0x0000, 0x0000, 0x0000, 0x0000, 0x0000, 0x0000, 0x0000, 0x0000,
    0x0000, 0x0000, 0x0000, 0x0000, 0x0000, 0x0000, 0x0000, 0x3922, 0x9344, 0xB468, 0xD56B, 0xA266, 0x9042, 0x98C3, 0x7841, 0x8244,
    0xBC2B, 0x90A3, 0x8142, 0xB44A, 0xA1E6, 0x9022, 0x9083, 0x9063, 0x9062, 0x9082, 0x9082, 0x9883, 0x9883, 0x9863, 0x9063, 0x9062,
    0x8862, 0x8862, 0x9063, 0x9062, 0x9063, 0x9063, 0x8862, 0x8862, 0x9062, 0x9883, 0x9883, 0x9083, 0x9083, 0x9063, 0x9062, 0x9062,
    0x9063, 0x9063, 0x8862, 0x8862, 0x9062, 0x8862, 0x9062, 0x8862, 0x9062, 0x9063, 0x9063, 0x9082, 0x8862, 0x9082, 0x8801, 0x9985,
    0xB46B, 0x81A3, 0x8822, 0xC3EA, 0x9326, 0x7021, 0x8883, 0x8822, 0x9184, 0xCD6C, 0xC50A, 0xA3A4, 0x51E3, 0x0000, 0x0000, 0x0000,
    0x0000, 0x0000, 0x0000, 0x0000, 0x0000, 0x0000, 0x0000, 0x0000, 0x0000, 0x0000, 0x0000, 0x0000, 0x0000, 0x0000, 0x0000, 0x0000,
    0x0000, 0x0000, 0x0000, 0x0000, 0x0000, 0x0000, 0x0000, 0x0000, 0x0000, 0x0000, 0x0000, 0x0000, 0x49A3, 0x9B64, 0xC4C9, 0xD5AD,
    0xA245, 0x8842, 0x90A3, 0x8842, 0x9285, 0xBC0B, 0x8862, 0x70E1, 0xAC29, 0xAA88, 0x8802, 0x9062, 0x9062, 0x9062, 0x9063, 0x9062,
    0x9083, 0x9863, 0x9063, 0x8862, 0x9063, 0x9062, 0x9063, 0x9062, 0x9042, 0x9063, 0x9083, 0x9062, 0x9062, 0x9083, 0x9083, 0x9883,
    0x9883, 0x8863, 0x8862, 0x9083, 0x9062, 0x9062, 0x8862, 0x9063, 0x9083, 0x9062, 0x9062, 0x9062, 0x9063, 0x9062, 0x9083, 0x9083,
    0x8862, 0x8001, 0xA1E6, 0xBCAB, 0x7962, 0x8001, 0xBBCA, 0x9B26, 0x8041, 0x9083, 0x8022, 0x8963, 0xC4EB, 0xCD6C, 0xAC06, 0x6A44,
    0x0000, 0x0000, 0x0000, 0x0000, 0x0000, 0x0000, 0x0000, 0x0000, 0x0000, 0x0000, 0x0000, 0x0000, 0x0000, 0x0000, 0x0000, 0x0000,
    0x0000, 0x0000, 0x0000, 0x0000, 0x0000, 0x0000, 0x0000, 0x0000, 0x0000, 0x0000, 0x0000, 0x0000, 0x0000, 0x0000, 0x0000, 0x0000,
    0x0000, 0x6224, 0x9B64, 0xCD4B, 0xCD0B, 0x99A4, 0x9042, 0xA0C4, 0x8842, 0x8A24, 0xB3EA, 0x90E3, 0x7881, 0xABE9, 0xAAA8, 0x8821,
    0x9062, 0x9083, 0x9063, 0x9062, 0x9083, 0x9062, 0x9062, 0x9063, 0x9062, 0x9062, 0x9062, 0x9062, 0x8842, 0x9062, 0x9082, 0x9062,
    0x8862, 0x9062, 0x9063, 0x9883, 0x9063, 0x8862, 0x8862, 0x8862, 0x9063, 0x8862, 0x9062, 0x9062, 0x9062, 0x9062, 0x8862, 0x9062,
    0x9062, 0x8862, 0x9062, 0x9083, 0x8801, 0xA267, 0xAC09, 0x78E2, 0x9083, 0xBBCA, 0x8244, 0x7821, 0x98A3, 0x8842, 0x9144, 0xCCEB,
    0xCD6B, 0xABE6, 0x7AA4, 0x0820, 0x0000, 0x0000, 0x0000, 0x0000, 0x0000, 0x0000, 0x0000, 0x0000, 0x0000, 0x0000, 0x0000, 0x0000,
    0x0000, 0x0000, 0x0000, 0x0000, 0x0000, 0x0000, 0x0000, 0x0000, 0x0000, 0x0000, 0x0000, 0x0000, 0x0000, 0x0000, 0x0000, 0x0000,
    0x0000, 0x0000, 0x0000, 0x0000, 0x0000, 0x0000, 0x6A44, 0xA385, 0xC4EA, 0xCD2B, 0x99E5, 0x9042, 0x90A3, 0x8041, 0x79A3, 0xB42A,
    0xA186, 0x7820, 0x9B88, 0xBB8A, 0x9042, 0x8842, 0x9083, 0x8862, 0x9062, 0x8842, 0x8862, 0x8862, 0x8862, 0x9062, 0x9062, 0x9083,
    0x9063, 0x9062, 0x9083, 0x8862, 0x8842, 0x90C4, 0x90E4, 0x9042, 0x8862, 0x9062, 0x8862, 0x9063, 0x8862, 0x8862, 0x9062, 0x9062,
    0x9062, 0x9062, 0x8862, 0x9062, 0x9062, 0x9082, 0x8842, 0x8842, 0xB349, 0xA3E9, 0x7821, 0x9925, 0xBC6B, 0x8A64, 0x8021, 0x9083,
    0x8022, 0x9164, 0xC4EC, 0xCD4C, 0xA3C5, 0x82C4, 0x1041, 0x0000, 0x0000, 0x0000, 0x0000, 0x0000, 0x0000, 0x0000, 0x0000, 0x0000,
    0x0000, 0x0000, 0x0000, 0x0000, 0x0000, 0x0000, 0x0000, 0x0000, 0x0000, 0x0000, 0x0000, 0x0000, 0x0000, 0x0000, 0x0000, 0x0000,
    0x0000, 0x0000, 0x0000, 0x0000, 0x0000, 0x0000, 0x0000, 0x0000, 0x0000, 0x0000, 0x0820, 0x6A23, 0xA3A5, 0xCD4C, 0xCD2C, 0x91C4,
    0x8042, 0x90A3, 0x8862, 0x7962, 0xAC0A, 0xB247, 0x7800, 0x8AA6, 0xB3EA, 0x9104, 0x8801, 0x9082, 0x8862, 0x8862, 0x8862, 0x9063,
    0x9063, 0x9063, 0x9083, 0x9063, 0x9083, 0x9083, 0x9063, 0x9082, 0x8801, 0xA2C8, 0xBC0B, 0x8801, 0x9082, 0x9062, 0x8862, 0x9083,
    0x8862, 0x9063, 0x9062, 0x9083, 0x9062, 0x9062, 0x9083, 0x8842, 0x9082, 0x9022, 0x90C3, 0xB3C9, 0x9B47, 0x8021, 0xA9E7, 0xB44A,
    0x79A3, 0x8842, 0x98A3, 0x8842, 0x8923, 0xC4EB, 0xC56C, 0xABE6, 0x8AE5, 0x1061, 0x0000, 0x0000, 0x0000, 0x0000, 0x0000, 0x0000,
    0x0000, 0x0000, 0x0000, 0x0000, 0x0000, 0x0000, 0x0000, 0x0000, 0x0000, 0x0000, 0x0000, 0x0000, 0x0000, 0x0000, 0x0000, 0x0000,
    0x0000, 0x0000, 0x0000, 0x0000, 0x0000, 0x0000, 0x0000, 0x0000, 0x0000, 0x0000, 0x0000, 0x0000, 0x0000, 0x0000, 0x0000, 0x0840,
    0x7264, 0xABC6, 0xC50A, 0xCD6C, 0x9A05, 0x8821, 0x90A3, 0x8862, 0x78C1, 0xABE9, 0xB2C8, 0x7000, 0x79C3, 0xBC8B, 0xA1E6, 0x8801,
    0x8862, 0x8862, 0x9062, 0x9063, 0x9063, 0x9083, 0x9062, 0x9083, 0x9083, 0x9083, 0x8863, 0x8862, 0x8842, 0xCD0B, 0xE62E, 0x88A2,
    0x8842, 0x9063, 0x9062, 0x8862, 0x8862, 0x9062, 0x9083, 0x9083, 0x9063, 0x9062, 0x9083, 0x9062, 0x8801, 0xA185, 0xBC8A, 0x8A44,
    0x7801, 0xB2C8, 0xB44A, 0x8122, 0x8842, 0x9083, 0x8842, 0x99A4, 0xCD2C, 0xCD6B, 0xA3C5, 0x82C4, 0x1881, 0x0000, 0x0000, 0x0000,
    0x0000, 0x0000, 0x0000, 0x0000, 0x0000, 0x0000, 0x0000, 0x0000, 0x0000, 0x0000, 0x0000, 0x0000, 0x0000, 0x0000, 0x0000, 0x0000,
    0x0000, 0x0000, 0x0000, 0x0000, 0x0000, 0x0000, 0x0000, 0x0000, 0x0000, 0x0000, 0x0000, 0x0000, 0x0000, 0x0000, 0x0000, 0x0000,
    0x0000, 0x0000, 0x0000, 0x0000, 0x0820, 0x6A23, 0x9B44, 0xC4E9, 0xD5AD, 0x9A45, 0x8842, 0x9082, 0x9062, 0x7861, 0x9327, 0xBBCA,
    0x9062, 0x7902, 0xAC09, 0xAAC8, 0x9042, 0x9042, 0x9083, 0x9062, 0x9062, 0x9062, 0x8862, 0x9062, 0x9083, 0x9083, 0x9083, 0x9863,
    0x9944, 0xE62E, 0xE66E, 0xA225, 0x8822, 0x9083, 0x9042, 0x9062, 0x9062, 0x8862, 0x9062, 0x9062, 0x9062, 0x9062, 0x9063, 0x8802,
    0xA287, 0xAC49, 0x8142, 0x9042, 0xBB48, 0x9B67, 0x78A1, 0x9883, 0x90A3, 0x8842, 0x99E4, 0xCD4C, 0xC54B, 0xABE5, 0x82E4, 0x1061,
    0x0000, 0x0000, 0x0000, 0x0000, 0x0000, 0x0000, 0x0000, 0x0000, 0x0000, 0x0000, 0x0000, 0x0000, 0x0000, 0x0000, 0x0000, 0x0000,
    0x0000, 0x0000, 0x0000, 0x0000, 0x0000, 0x0000, 0x0000, 0x0000, 0x0000, 0x0000, 0x0000, 0x0000, 0x0000, 0x0000, 0x0000, 0x0000,
    0x0000, 0x0000, 0x0000, 0x0000, 0x0000, 0x0000, 0x0000, 0x0000, 0x0000, 0x0020, 0x6A24, 0x9B44, 0xBCA9, 0xD5AC, 0xA2A6, 0x8842,
    0x9082, 0x9083, 0x7841, 0x8AA5, 0xBC2B, 0x9924, 0x7020, 0xA367, 0xBBCA, 0x98C3, 0x9022, 0x9083, 0x9083, 0x9062, 0x8862, 0x9062,
    0x9062, 0x90A3, 0x8883, 0x8801, 0xA266, 0xE690, 0xE64F, 0xAB07, 0x8801, 0x9062, 0x90C3, 0x9062, 0x8862, 0x8862, 0x9062, 0x9062,
    0x9062, 0x9022, 0x98A3, 0xBBEA, 0xAC08, 0x8061, 0x90C3, 0xB3E9, 0x92C5, 0x8041, 0x9063, 0x9083, 0x8842, 0xA286, 0xD58D, 0xC52A,
    0xA3C5, 0x7AA4, 0x1061, 0x0000, 0x0000, 0x0000, 0x0000, 0x0000, 0x0000, 0x0000, 0x0000, 0x0000, 0x0000, 0x0000, 0x0000, 0x0000,
    0x0000, 0x0000, 0x0000, 0x0000, 0x0000, 0x0000, 0x0000, 0x0000, 0x0000, 0x0000, 0x0000, 0x0000, 0x0000, 0x0000, 0x0000, 0x0000,
    0x0000, 0x0000, 0x0000, 0x0000, 0x0000, 0x0000, 0x0000, 0x0000, 0x0000, 0x0000, 0x0000, 0x0000, 0x0000, 0x0000, 0x0000, 0x6224,
    0x9B44, 0xBC87, 0xD5CD, 0xAB47, 0x8882, 0x9062, 0x98A3, 0x8021, 0x7983, 0xB42A, 0xB288, 0x8021, 0x8A24, 0xB42A, 0xA9E6, 0x8801,
    0x9062, 0x8863, 0x8862, 0x8862, 0x9042, 0x8124, 0xB40B, 0x99A5, 0x99C5, 0xE66F, 0xDE4E, 0xA286, 0x9124, 0xBC2B, 0x9A26, 0x8842,
    0x9062, 0x8842, 0x8862, 0x9062, 0x8801, 0xA185, 0xBC6A, 0x92A5, 0x7800, 0xAA26, 0xB42A, 0x81A3, 0x8022, 0x98A3, 0x9062, 0x8842,
    0xA286, 0xD5AD, 0xC50A, 0xABE5, 0x6A84, 0x0840, 0x0000, 0x0000, 0x0000, 0x0000, 0x0000, 0x0000, 0x0000, 0x0000, 0x0000, 0x0000,
    0x0000, 0x0000, 0x0000, 0x0000, 0x0000, 0x0000, 0x0000, 0x0000, 0x0000, 0x0000, 0x0000, 0x0000, 0x0000, 0x0000, 0x0000, 0x0000,
    0x0000, 0x0000, 0x0000, 0x0000, 0x0000, 0x0000, 0x0000, 0x0000, 0x0000, 0x0000, 0x0000, 0x0000, 0x0000, 0x0000, 0x0000, 0x0000,
    0x0000, 0x0000, 0x0000, 0x0000, 0x51C3, 0x9B65, 0xB427, 0xD5AC, 0xBC09, 0x9124, 0x9042, 0x9082, 0x8042, 0x78E2, 0xA3C8, 0xB349,
    0x9022, 0x78C1, 0xABE9, 0xB329, 0x8842, 0x9042, 0x8882, 0x8862, 0x9083, 0x8842, 0x8A23, 0xCD2B, 0x9A46, 0xD5AD, 0xDE2E, 0x9A86,
    0xC4EB, 0x9B46, 0x8021, 0x9063, 0x9062, 0x9062, 0x8862, 0x8801, 0xAA87, 0xB449, 0x8183, 0x8001, 0xB329, 0xABE8, 0x80E2, 0x9022,
    0x9083, 0x9063, 0x8882, 0xB348, 0xD5CD, 0xB488, 0xA3A5, 0x6244, 0x0020, 0x0000, 0x0000, 0x0000, 0x0000, 0x0000, 0x0000, 0x0000,
    0x0000, 0x0000, 0x0000, 0x0000, 0x0000, 0x0000, 0x0000, 0x0000, 0x0000, 0x0000, 0x0000, 0x0000, 0x0000, 0x0000, 0x0000, 0x0000,
    0x0000, 0x0000, 0x0000, 0x0000, 0x0000, 0x0000, 0x0000, 0x0000, 0x0000, 0x0000, 0x0000, 0x0000, 0x0000, 0x0000, 0x0000, 0x0000,
    0x0000, 0x0000, 0x0000, 0x0000, 0x0000, 0x0000, 0x0000, 0x0000, 0x0000, 0x4183, 0x9324, 0xABC5, 0xD5AC, 0xC4EB, 0x99C5, 0x8822,
    0x90A3, 0x9883, 0x7861, 0x8A85, 0xBBCA, 0xA145, 0x7800, 0x9326, 0xBBEA, 0x90E3, 0x8801, 0x9883, 0x9082, 0x9083, 0x78A1, 0x9B85,
    0xC50C, 0xBCAB, 0xCD8D, 0xB46A, 0xAC27, 0x8122, 0x8842, 0x9083, 0x9883, 0x9022, 0x8882, 0xAB49, 0xA387, 0x8081, 0x98C4, 0xBC2A,
    0x9306, 0x7861, 0x9062, 0x98A3, 0x8842, 0x88A2, 0xB3C8, 0xD5EE, 0xB488, 0x9B84, 0x5204, 0x0000, 0x0000, 0x0000, 0x0000, 0x0000,
    0x0000, 0x0000, 0x0000, 0x0000, 0x0000, 0x0000, 0x0000, 0x0000, 0x0000, 0x0000, 0x0000, 0x0000, 0x0000, 0x0000, 0x0000, 0x0000,
    0x0000, 0x0000, 0x0000, 0x0000, 0x0000, 0x0000, 0x0000, 0x0000, 0x0000, 0x0000, 0x0000, 0x0000, 0x0000, 0x0000, 0x0000, 0x0000,
    0x0000, 0x0000, 0x0000, 0x0000, 0x0000, 0x0000, 0x0000, 0x0000, 0x0000, 0x0000, 0x0000, 0x0000, 0x0000, 0x0000, 0x2902, 0x8AE4,
    0xA3A5, 0xCD09, 0xCD6B, 0xA2A6, 0x9042, 0x9062, 0x9082, 0x7821, 0x79A3, 0xB44A, 0xB2A8, 0x7800, 0x81A3, 0xB44A, 0xAA67, 0x9021,
    0x8862, 0x8882, 0x9083, 0x7922, 0xB46A, 0xBCAC, 0xC52C, 0xAC28, 0x89C3, 0x9062, 0x8862, 0x8862, 0x8801, 0xA9E6, 0xBC6A, 0x8A65,
    0x6800, 0xA1E6, 0xBC4A, 0x8A24, 0x8041, 0x9062, 0x9062, 0x9042, 0x99C5, 0xCCCB, 0xD5AD, 0xAC26, 0x9344, 0x4183, 0x0000, 0x0000,
    0x0000, 0x0000, 0x0000, 0x0000, 0x0000, 0x0000, 0x0000, 0x0000, 0x0000, 0x0000, 0x0000, 0x0000, 0x0000, 0x0000, 0x0000, 0x0000,
    0x0000, 0x0000, 0x0000, 0x0000, 0x0000, 0x0000, 0x0000, 0x0000, 0x0000, 0x0000, 0x0000, 0x0000, 0x0000, 0x0000, 0x0000, 0x0000,
    0x0000, 0x0000, 0x0000, 0x0000, 0x0000, 0x0000, 0x0000, 0x0000, 0x0000, 0x0000, 0x0000, 0x0000, 0x0000, 0x0000, 0x0000, 0x0000,
    0x0000, 0x0000, 0x0000, 0x1881, 0x7A84, 0xA384, 0xCD2A, 0xD5ED, 0xB368, 0x88A2, 0x8842, 0x98C3, 0x8862, 0x70C1, 0x9B87, 0xBBAA,
    0x90A3, 0x78C1, 0xA3A7, 0xBB69, 0x8882, 0x8821, 0x98A3, 0x8822, 0x8163, 0xBCEB, 0xBD0B, 0x8A85, 0x8842, 0x98A3, 0x9862, 0x8842,
    0xAB08, 0xB449, 0x8122, 0x8842, 0xAAE8, 0x9B87, 0x7902, 0x9042, 0x98A3, 0x9062, 0x8042, 0xA286, 0xD5AD, 0xD5CD, 0xAC06, 0x8B04,
    0x3122, 0x0000, 0x0000, 0x0000, 0x0000, 0x0000, 0x0000, 0x0000, 0x0000, 0x0000, 0x0000, 0x0000, 0x0000, 0x0000, 0x0000, 0x0000,
    0x0000, 0x0000, 0x0000, 0x0000, 0x0000, 0x0000, 0x0000, 0x0000, 0x0000, 0x0000, 0x0000, 0x0000, 0x0000, 0x0000, 0x0000, 0x0000,
    0x0000, 0x0000, 0x0000, 0x0000, 0x0000, 0x0000, 0x0000, 0x0000, 0x0000, 0x0000, 0x0000, 0x0000, 0x0000, 0x0000, 0x0000, 0x0000,
    0x0000, 0x0000, 0x0000, 0x0000, 0x0000, 0x0000, 0x0000, 0x0000, 0x0820, 0x5A03, 0x9B44, 0xBC67, 0xD5AC, 0xBC6A, 0x9964, 0x8822,
    0x90A3, 0x9083, 0x7021, 0x8A85, 0xBC8B, 0xA1C6, 0x7000, 0x8AA5, 0xBC6B, 0xA185, 0x9022, 0x9083, 0x8062, 0xC4CB, 0xC52C, 0x8903,
    0x9062, 0x9022, 0xA124, 0xBC2A, 0x9326, 0x7020, 0x9945, 0xC46B, 0x9AA6, 0x8062, 0x9043, 0x90A3, 0x9062, 0x88A2, 0xBBA8, 0xDDCD,
    0xBCC9, 0xA3C5, 0x7AA4, 0x18A1, 0x0000, 0x0000, 0x0000, 0x0000, 0x0000, 0x0000, 0x0000, 0x0000, 0x0000, 0x0000, 0x0000, 0x0000,
    0x0000, 0x0000, 0x0000, 0x0000, 0x0000, 0x0000, 0x0000, 0x0000, 0x0000, 0x0000, 0x0000, 0x0000, 0x0000, 0x0000, 0x0000, 0x0000,
    0x0000, 0x0000, 0x0000, 0x0000, 0x0000, 0x0000, 0x0000, 0x0000, 0x0000, 0x0000, 0x0000, 0x0000, 0x0000, 0x0000, 0x0000, 0x0000,
    0x0000, 0x0000, 0x0000, 0x0000, 0x0000, 0x0000, 0x0000, 0x0000, 0x0000, 0x0000, 0x0000, 0x0000, 0x0000, 0x0000, 0x4183, 0x8AC3,
    0xABA4, 0xD58B, 0xD56C, 0xA245, 0x8862, 0x9062, 0x90A3, 0x8042, 0x8162, 0xA3C8, 0xB2E8, 0x8001, 0x7942, 0xB46A, 0xAAC8, 0x8842,
    0x8822, 0xB40A, 0xC50C, 0x8021, 0x8821, 0xAA06, 0xBCAB, 0x9224, 0x8001, 0xAA87, 0xAC4A, 0x81A3, 0x8822, 0x9883, 0x9082, 0x8842,
    0x9123, 0xC46A, 0xD5CD, 0xB467, 0x9B64, 0x5A03, 0x0840, 0x0000, 0x0000, 0x0000, 0x0000, 0x0000, 0x0000, 0x0000, 0x0000, 0x0000,
    0x0000, 0x0000, 0x0000, 0x0000, 0x0000, 0x0000, 0x0000, 0x0000, 0x0000, 0x0000, 0x0000, 0x0000, 0x0000, 0x0000, 0x0000, 0x0000,
    0x0000, 0x0000, 0x0000, 0x0000, 0x0000, 0x0000, 0x0000, 0x0000, 0x0000, 0x0000, 0x0000, 0x0000, 0x0000, 0x0000, 0x0000, 0x0000,
    0x0000, 0x0000, 0x0000, 0x0000, 0x0000, 0x0000, 0x0000, 0x0000, 0x0000, 0x0000, 0x0000, 0x0000, 0x0000, 0x0000, 0x0000, 0x0000,
    0x0000, 0x0000, 0x0000, 0x20C2, 0x7A84, 0xABA5, 0xCD2A, 0xD5AD, 0xB3A8, 0x88E3, 0x8842, 0x98A3, 0x9062, 0x7861, 0x8B06, 0xC40A,
    0x98E4, 0x7861, 0x9327, 0xB3A9, 0x90A3, 0xAAC8, 0xBBCA, 0x8822, 0xB3AA, 0xAC09, 0x7881, 0x90A3, 0xC3EA, 0xA3A7, 0x78C2, 0x8842,
    0x9083, 0x9062, 0x8842, 0xA225, 0xCD2C, 0xC52B, 0xA3A4, 0x9324, 0x41A3, 0x0000, 0x0000, 0x0000, 0x0000, 0x0000, 0x0000, 0x0000,
    0x0000, 0x0000, 0x0000, 0x0000, 0x0000, 0x0000, 0x0000, 0x0000, 0x0000, 0x0000, 0x0000, 0x0000, 0x0000, 0x0000, 0x0000, 0x0000,
    0x0000, 0x0000, 0x0000, 0x0000, 0x0000, 0x0000, 0x0000, 0x0000, 0x0000, 0x0000, 0x0000, 0x0000, 0x0000, 0x0000, 0x0000, 0x0000,
    0x0000, 0x0000, 0x0000, 0x0000, 0x0000, 0x0000, 0x0000, 0x0000, 0x0000, 0x0000, 0x0000, 0x0000, 0x0000, 0x0000, 0x0000, 0x0000,
    0x0000, 0x0000, 0x0000, 0x0000, 0x0000, 0x0000, 0x0000, 0x0000, 0x0841, 0x6223, 0x9B44, 0xBC47, 0xD5AC, 0xC4AA, 0x99A4, 0x8821,
    0x9082, 0x9083, 0x7821, 0x81E3, 0xB44A, 0xAA27, 0x7800, 0x8203, 0xB44A, 0xA226, 0x99A5, 0xBBEA, 0x9B06, 0x7821, 0xA1E6, 0xBC29,
    0x9244, 0x7841, 0x9083, 0x9083, 0x8842, 0x90C2, 0xB368, 0xD5AD, 0xC50A, 0x9B43, 0x7A84, 0x28E2, 0x0000, 0x0000, 0x0000, 0x0000,
    0x0000, 0x0000, 0x0000, 0x0000, 0x0000, 0x0000, 0x0000, 0x0000, 0x0000, 0x0000, 0x0000, 0x0000, 0x0000, 0x0000, 0x0000, 0x0000,
    0x0000, 0x0000, 0x0000, 0x0000, 0x0000, 0x0000, 0x0000, 0x0000, 0x0000, 0x0000, 0x0000, 0x0000, 0x0000, 0x0000, 0x0000, 0x0000,
    0x0000, 0x0000, 0x0000, 0x0000, 0x0000, 0x0000, 0x0000, 0x0000, 0x0000, 0x0000, 0x0000, 0x0000, 0x0000, 0x0000, 0x0000, 0x0000,
    0x0000, 0x0000, 0x0000, 0x0000, 0x0000, 0x0000, 0x0000, 0x0000, 0x0000, 0x0000, 0x0000, 0x0000, 0x0000, 0x0000, 0x4163, 0x9305,
    0xA344, 0xBC67, 0xD56C, 0xAAE7, 0x8862, 0x8842, 0x9083, 0x8842, 0x70C1, 0x9B67, 0xBBAA, 0x90A3, 0x78E1, 0x9B67, 0xAC2A, 0x81A3,
    0x8822, 0xBB6A, 0xAC49, 0x8122, 0x8822, 0x9083, 0x9082, 0x8842, 0x99A4, 0xCCCB, 0xD5AD, 0xB447, 0x9B44, 0x6244, 0x1061, 0x0000,
    0x0000, 0x0000, 0x0000, 0x0000, 0x0000, 0x0000, 0x0000, 0x0000, 0x0000, 0x0000, 0x0000, 0x0000, 0x0000, 0x0000, 0x0000, 0x0000,
    0x0000, 0x0000, 0x0000, 0x0000, 0x0000, 0x0000, 0x0000, 0x0000, 0x0000, 0x0000, 0x0000, 0x0000, 0x0000, 0x0000, 0x0000, 0x0000,
    0x0000, 0x0000, 0x0000, 0x0000, 0x0000, 0x0000, 0x0000, 0x0000, 0x0000, 0x0000, 0x0000, 0x0000, 0x0000, 0x0000, 0x0000, 0x0000,
    0x0000, 0x0000, 0x0000, 0x0000, 0x0000, 0x0000, 0x0000, 0x0000, 0x0000, 0x0000, 0x0000, 0x0000, 0x0000, 0x0000, 0x0000, 0x0000,
    0x0000, 0x0000, 0x0000, 0x20E2, 0x7264, 0x8AC3, 0xB426, 0xD5AC, 0xBC29, 0x9143, 0x8842, 0x9083, 0x9883, 0x7841, 0x8A85, 0xBC2A,
    0xA185, 0x6840, 0x7081, 0x90C3, 0xC44B, 0x9B67, 0x7861, 0x9042, 0x98A3, 0x8842, 0x8862, 0xAB07, 0xD58D, 0xC52B, 0xABE5, 0x8B04,
    0x4183, 0x0000, 0x0000, 0x0000, 0x0000, 0x0000, 0x0000, 0x0000, 0x0000, 0x0000, 0x0000, 0x0000, 0x0000, 0x0000, 0x0000, 0x0000,
    0x0000, 0x0000, 0x0000, 0x0000, 0x0000, 0x0000, 0x0000, 0x0000, 0x0000, 0x0000, 0x0000, 0x0000, 0x0000, 0x0000, 0x0000, 0x0000,
    0x0000, 0x0000, 0x0000, 0x0000, 0x0000, 0x0000, 0x0000, 0x0000, 0x0000, 0x0000, 0x0000, 0x0000, 0x0000, 0x0000, 0x0000, 0x0000,
    0x0000, 0x0000, 0x0000, 0x0000, 0x0000, 0x0000, 0x0000, 0x0000, 0x0000, 0x0000, 0x0000, 0x0000, 0x0000, 0x0000, 0x0000, 0x0000,
    0x0000, 0x0000, 0x0000, 0x0000, 0x0000, 0x0000, 0x0000, 0x0000, 0x0840, 0x51E4, 0x8AE4, 0xA364, 0xCD2A, 0xCD4C, 0xAAA6, 0x8862,
    0x9042, 0x98A3, 0x7821, 0x7142, 0xAC09, 0xB2A8, 0xAA87, 0xB48B, 0x8224, 0x7841, 0x9082, 0x8862, 0x9022, 0x9943, 0xC46A, 0xD5EE,
    0xBCC8, 0x9B64, 0x7264, 0x18A1, 0x0000, 0x0000, 0x0000, 0x0000, 0x0000, 0x0000, 0x0000, 0x0000, 0x0000, 0x0000, 0x0000, 0x0000,
    0x0000, 0x0000, 0x0000, 0x0000, 0x0000, 0x0000, 0x0000, 0x0000, 0x0000, 0x0000, 0x0000, 0x0000, 0x0000, 0x0000, 0x0000, 0x0000,
    0x0000, 0x0000, 0x0000, 0x0000, 0x0000, 0x0000, 0x0000, 0x0000, 0x0000, 0x0000, 0x0000, 0x0000, 0x0000, 0x0000, 0x0000, 0x0000,
    0x0000, 0x0000, 0x0000, 0x0000, 0x0000, 0x0000, 0x0000, 0x0000, 0x0000, 0x0000, 0x0000, 0x0000, 0x0000, 0x0000, 0x0000, 0x0000,
    0x0000, 0x0000, 0x0000, 0x0000, 0x0000, 0x0000, 0x0000, 0x0000, 0x0000, 0x0000, 0x0000, 0x0000, 0x0000, 0x0000, 0x3122, 0x82C4,
    0x9B23, 0xB468, 0xCD6B, 0xB3C8, 0x88E2, 0x9062, 0x98A3, 0x9062, 0x78A1, 0x9306, 0x9B67, 0x7102, 0x8842, 0x9883, 0x8842, 0x8862,
    0xAAA6, 0xD58D, 0xCD8C, 0xABE5, 0x9344, 0x49C3, 0x0020, 0x0000, 0x0000, 0x0000, 0x0000, 0x0000, 0x0000, 0x0000, 0x0000, 0x0000,
    0x0000, 0x0000, 0x0000, 0x0000, 0x0000, 0x0000, 0x0000, 0x0000, 0x0000, 0x0000, 0x0000, 0x0000, 0x0000, 0x0000, 0x0000, 0x0000,
    0x0000, 0x0000, 0x0000, 0x0000, 0x0000, 0x0000, 0x0000, 0x0000, 0x0000, 0x0000, 0x0000, 0x0000, 0x0000, 0x0000, 0x0000, 0x0000,
    0x0000, 0x0000, 0x0000, 0x0000, 0x0000, 0x0000, 0x0000, 0x0000, 0x0000, 0x0000, 0x0000, 0x0000, 0x0000, 0x0000, 0x0000, 0x0000,
    0x0000, 0x0000, 0x0000, 0x0000, 0x0000, 0x0000, 0x0000, 0x0000, 0x0000, 0x0000, 0x0000, 0x0000, 0x0000, 0x0000, 0x0000, 0x0000,
    0x0000, 0x0000, 0x0000, 0x1081, 0x6A44, 0x92E3, 0xB407, 0xD5ED, 0xC4CA, 0xA205, 0x8842, 0x9083, 0x90A3, 0x7841, 0x7862, 0x8862,
    0x9082, 0x8822, 0x9123, 0xC48A, 0xDE0E, 0xBCE9, 0xA3A4, 0x7AA4, 0x2902, 0x0000, 0x0000, 0x0000, 0x0000, 0x0000, 0x0000, 0x0000,
    0x0000, 0x0000, 0x0000, 0x0000, 0x0000, 0x0000, 0x0000, 0x0000, 0x0000, 0x0000, 0x0000, 0x0000, 0x0000, 0x0000, 0x0000, 0x0000,
    0x0000, 0x0000, 0x0000, 0x0000, 0x0000, 0x0000, 0x0000, 0x0000, 0x0000, 0x0000, 0x0000, 0x0000, 0x0000, 0x0000, 0x0000, 0x0000,
    0x0000, 0x0000, 0x0000, 0x0000, 0x0000, 0x0000, 0x0000, 0x0000, 0x0000, 0x0000, 0x0000, 0x0000, 0x0000, 0x0000, 0x0000, 0x0000,
    0x0000, 0x0000, 0x0000, 0x0000, 0x0000, 0x0000, 0x0000, 0x0000, 0x0000, 0x0000, 0x0000, 0x0000, 0x0000, 0x0000, 0x0000, 0x0000,
    0x0000, 0x0000, 0x0000, 0x0000, 0x0000, 0x0000, 0x0000, 0x0000, 0x0000, 0x4183, 0x9325, 0x9B23, 0xC509, 0xD5CD, 0xB388, 0x9103,
    0x8842, 0x9083, 0x98A3, 0x8842, 0x8862, 0xA286, 0xD56C, 0xDE0D, 0xB447, 0x9323, 0x5A24, 0x0861, 0x0000, 0x0000, 0x0000, 0x0000,
    0x0000, 0x0000, 0x0000, 0x0000, 0x0000, 0x0000, 0x0000, 0x0000, 0x0000, 0x0000, 0x0000, 0x0000, 0x0000, 0x0000, 0x0000, 0x0000,
    0x0000, 0x0000, 0x0000, 0x0000, 0x0000, 0x0000, 0x0000, 0x0000, 0x0000, 0x0000, 0x0000, 0x0000, 0x0000, 0x0000, 0x0000, 0x0000,
    0x0000, 0x0000, 0x0000, 0x0000, 0x0000, 0x0000, 0x0000, 0x0000, 0x0000, 0x0000, 0x0000, 0x0000, 0x0000, 0x0000, 0x0000, 0x0000,
    0x0000, 0x0000, 0x0000, 0x0000, 0x0000, 0x0000, 0x0000, 0x0000, 0x0000, 0x0000, 0x0000, 0x0000, 0x0000, 0x0000, 0x0000, 0x0000,
    0x0000, 0x0000, 0x0000, 0x0000, 0x0000, 0x0000, 0x0000, 0x0000, 0x0000, 0x0000, 0x0000, 0x0000, 0x0000, 0x0000, 0x20A1, 0x7243,
    0x9B24, 0xB427, 0xD5ED, 0xCCEB, 0x9A25, 0x8862, 0x9042, 0x9103, 0xBBE9, 0xDE4E, 0xCD4B, 0xA3A5, 0x8AE4, 0x3963, 0x0000, 0x0000,
    0x0000, 0x0000, 0x0000, 0x0000, 0x0000, 0x0000, 0x0000, 0x0000, 0x0000, 0x0000, 0x0000, 0x0000, 0x0000, 0x0000, 0x0000, 0x0000,
    0x0000, 0x0000, 0x0000, 0x0000, 0x0000, 0x0000, 0x0000, 0x0000, 0x0000, 0x0000, 0x0000, 0x0000, 0x0000, 0x0000, 0x0000, 0x0000,
    0x0000, 0x0000, 0x0000, 0x0000, 0x0000, 0x0000, 0x0000, 0x0000, 0x0000, 0x0000, 0x0000, 0x0000, 0x0000, 0x0000, 0x0000, 0x0000,
    0x0000, 0x0000, 0x0000, 0x0000, 0x0000, 0x0000, 0x0000, 0x0000, 0x0000, 0x0000, 0x0000, 0x0000, 0x0000, 0x0000, 0x0000, 0x0000,
    0x0000, 0x0000, 0x0000, 0x0000, 0x0000, 0x0000, 0x0000, 0x0000, 0x0000, 0x0000, 0x0000, 0x0000, 0x0000, 0x0000, 0x0000, 0x0000,
    0x0000, 0x0000, 0x0000, 0x0820, 0x4983, 0x82A3, 0x9B44, 0xC4EA, 0xDE0E, 0xB3A8, 0xB347, 0xDDEE, 0xDE2E, 0xB447, 0x9B43, 0x7264,
    0x18A1, 0x0000, 0x0000, 0x0000, 0x0000, 0x0000, 0x0000, 0x0000, 0x0000, 0x0000, 0x0000, 0x0000, 0x0000, 0x0000, 0x0000, 0x0000,
    0x0000, 0x0000, 0x0000, 0x0000, 0x0000, 0x0000, 0x0000, 0x0000, 0x0000, 0x0000, 0x0000, 0x0000, 0x0000, 0x0000, 0x0000, 0x0000,
    0x0000, 0x0000, 0x0000, 0x0000, 0x0000, 0x0000, 0x0000, 0x0000, 0x0000, 0x0000, 0x0000, 0x0000, 0x0000, 0x0000, 0x0000, 0x0000,
    0x0000, 0x0000, 0x0000, 0x0000, 0x0000, 0x0000, 0x0000, 0x0000, 0x0000, 0x0000, 0x0000, 0x0000, 0x0000, 0x0000, 0x0000, 0x0000,
    0x0000, 0x0000, 0x0000, 0x0000, 0x0000, 0x0000, 0x0000, 0x0000, 0x0000, 0x0000, 0x0000, 0x0000, 0x0000, 0x0000, 0x0000, 0x0000,
    0x0000, 0x0000, 0x0000, 0x0000, 0x0000, 0x0000, 0x0000, 0x0000, 0x0000, 0x20C1, 0x7203, 0x92E3, 0xB447, 0xD5AC, 0xDE2E, 0xCD4B,
    0xA3A4, 0x8AE3, 0x4983, 0x0020, 0x0000, 0x0000, 0x0000, 0x0000, 0x0000, 0x0000, 0x0000, 0x0000, 0x0000, 0x0000, 0x0000, 0x0000,
    0x0000, 0x0000, 0x0000, 0x0000, 0x0000, 0x0000, 0x0000, 0x0000, 0x0000, 0x0000, 0x0000, 0x0000, 0x0000, 0x0000, 0x0000, 0x0000,
    0x0000, 0x0000, 0x0000, 0x0000, 0x0000, 0x0000, 0x0000, 0x0000, 0x0000, 0x0000, 0x0000, 0x0000, 0x0000, 0x0000, 0x0000, 0x0000,
    0x0000, 0x0000, 0x0000, 0x0000, 0x0000, 0x0000, 0x0000, 0x0000, 0x0000, 0x0000, 0x0000, 0x0000, 0x0000, 0x0000, 0x0000, 0x0000,
    0x0000, 0x0000, 0x0000, 0x0000, 0x0000, 0x0000, 0x0000, 0x0000, 0x0000, 0x0000, 0x0000, 0x0000, 0x0000, 0x0000, 0x0000, 0x0000,
    0x0000, 0x0000, 0x0000, 0x0000, 0x0000, 0x0000, 0x0000, 0x0000, 0x0000, 0x0000, 0x0000, 0x0000, 0x0000, 0x0000, 0x0000, 0x6224,
    0xA3A6, 0xAC07, 0xA3A5, 0x8AE3, 0x6A03, 0x20C2, 0x0000, 0x0000, 0x0000, 0x0000, 0x0000, 0x0000, 0x0000, 0x0000, 0x0000, 0x0000,
    0x0000, 0x0000, 0x0000, 0x0000, 0x0000, 0x0000, 0x0000, 0x0000, 0x0000, 0x0000, 0x0000, 0x0000, 0x0000, 0x0000, 0x0000, 0x0000,
    0x0000, 0x0000, 0x0000, 0x0000, 0x0000, 0x0000, 0x0000, 0x0000, 0x0000, 0x0000, 0x0000, 0x0000, 0x0000, 0x0000, 0x0000, 0x0000,
    0x0000, 0x0000, 0x0000, 0x0000, 0x0000, 0x0000, 0x0000, 0x0000, 0x0000, 0x0000, 0x0000, 0x0000, 0x0000, 0x0000, 0x0000, 0x0000,
    0x0000, 0x0000, 0x0000, 0x0000, 0x0000, 0x0000, 0x0000, 0x0000, 0x0000, 0x0000, 0x0000, 0x0000, 0x0000, 0x0000, 0x0000, 0x0000,
    0x0000, 0x0000, 0x0000, 0x0000, 0x0000, 0x0000, 0x0000, 0x0000, 0x0000, 0x0000, 0x0000, 0x0000, 0x0000, 0x0000, 0x0000, 0x0000,
    0x0000, 0x0000, 0x0000, 0x0000, 0x30E2, 0x59E3, 0x51A2, 0x3102, 0x0000, 0x0000, 0x0000, 0x0000, 0x0000, 0x0000, 0x0000, 0x0000,
    0x0000, 0x0000, 0x0000, 0x0000, 0x0000, 0x0000, 0x0000, 0x0000, 0x0000, 0x0000, 0x0000, 0x0000, 0x0000, 0x0000, 0x0000, 0x0000,
    0x0000, 0x0000, 0x0000, 0x0000, 0x0000, 0x0000, 0x0000, 0x0000, 0x0000, 0x0000, 0x0000, 0x0000, 0x0000, 0x0000, 0x0000, 0x0000,
    0x0000, 0x0000, 0x0000, 0x0000, 0x0000, 0x0000, 0x0000, 0x0000, 0x0000, 0x0000, 0x0000, 0x0000, 0x0000, 0x0000, 0x0000, 0x0000,
    0x0000, 0x0000, 0x0000, 0x0000, 0x0000, 0x0000, 0x0000, 0x0000, 0x0000, 0x0000, 0x0000, 0x0000, 0x0000, 0x0000, 0x0000, 0x0000,
    0x0000, 0x0000, 0x0000, 0x0000, 0x0000, 0x0000, 0x0000, 0x0000, 0x0000, 0x0000, 0x0000, 0x0000, 0x0000, 0x0000, 0x0000, 0x0000,
    0x0000, 0x0000, 0x0000, 0x0000, 0x0000, 0x0000, 0x0000, 0x0000, 0x0000, 0x0000, 0x0000, 0x0000, 0x0000, 0x0000, 0x0000, 0x0000,
    0x0000, 0x0000, 0x0000, 0x0000, 0x0000, 0x0000, 0x0000, 0x0000, 0x0000, 0x0000, 0x0000, 0x0000, 0x0000, 0x0000, 0x0000, 0x0000,
    0x0000, 0x0000, 0x0000, 0x0000, 0x0000, 0x0000, 0x0000, 0x0000, 0x0000, 0x0000, 0x0000, 0x0000, 0x0000, 0x0000, 0x0000, 0x0000,
    0x0000, 0x0000, 0x0000, 0x0000, 0x0000, 0x0000, 0x0000, 0x0000, 0x0000, 0x0000, 0x0000, 0x0000, 0x0000, 0x0000, 0x0000, 0x0000,
    0x0000, 0x0000, 0x0000, 0x0000, 0x0000, 0x0000, 0x0000, 0x0000, 0x0000, 0x0000, 0x0000, 0x0000, 0x0000, 0x0000, 0x0000, 0x0000,
    0x0000, 0x0000, 0x0000, 0x0000, 0x0000, 0x0000, 0x0000, 0x0000, 0x0000, 0x0000, 0x0000, 0x0000, 0x0000, 0x0000, 0x0000, 0x0000,
    0x0000, 0x0000, 0x0000, 0x0000, 0x0000, 0x0000, 0x0000, 0x0000, 0x0000, 0x0000, 0x0000, 0x0000, 0x0000, 0x0000, 0x0000, 0x0000,
    0x0000, 0x0000, 0x0000, 0x0000, 0x0000, 0x0000, 0x0000, 0x0000, 0x0000, 0x0000, 0x0000, 0x0000, 0x0000, 0x0000, 0x0000, 0x0000,
    0x0000, 0x0000, 0x0000, 0x0000, 0x0000, 0x0000, 0x0000, 0x0000, 0x0000, 0x0000, 0x0000, 0x0000, 0x0000, 0x0000, 0x0000, 0x0000,
    0x0000, 0x0000, 0x0000, 0x0000, 0x0000, 0x0000, 0x0000, 0x0000, 0x0000, 0x0000, 0x0000, 0x0000, 0x0000, 0x0000, 0x0000, 0x0000,
    0x0000, 0x0000, 0x0000, 0x0000, 0x0000, 0x0000, 0x0000, 0x0000, 0x0000, 0x0000, 0x0000, 0x0000, 0x0000, 0x0000, 0x0000, 0x0000,
    0x0000, 0x0000, 0x0000, 0x0000, 0x0000, 0x0000, 0x0000, 0x0000, 0x0000, 0x0000, 0x0000, 0x0000, 0x0000, 0x0000, 0x0000, 0x0000,
    0x0000, 0x0000, 0x0000, 0x0000, 0x0000, 0x0000, 0x0000, 0x0000, 0x0000, 0x0000, 0x0000, 0x0000, 0x0000, 0x0000, 0x0000, 0x0000,
    0x0000, 0x0000, 0x0000, 0x0000, 0x0000, 0x0000, 0x0000, 0x0000, 0x0000, 0x0000, 0x0000, 0x0000, 0x0000, 0x0000, 0x0000, 0x0000,
    0x0000, 0x0000, 0x0000, 0x0000, 0x0000, 0x0000, 0x0000, 0x0000, 0x0000, 0x0000, 0x0000, 0x0000, 0x0000, 0x0000, 0x0000, 0x0000,
    0x0000, 0x0000, 0x0000, 0x0000, 0x0000, 0x0000, 0x0000, 0x0000, 0x0000, 0x0000, 0x0000, 0x0000, 0x0000, 0x0000, 0x0000, 0x0000,
    0x0000, 0x0000, 0x0000, 0x0000, 0x0000, 0x0000, 0x0000, 0x0000, 0x0000, 0x0000, 0x0000, 0x0000, 0x0000, 0x0000, 0x0000, 0x0000,
    0x0000, 0x0000, 0x0000, 0x0000, 0x0000, 0x0000, 0x0000, 0x0000, 0x0000, 0x0000, 0x0000, 0x0000, 0x0000, 0x0000, 0x0000, 0x0000,
    0x0000, 0x0000, 0x0000, 0x0000, 0x0000, 0x0000, 0x0000, 0x0000, 0x0000, 0x0000, 0x0000, 0x0000, 0x0000, 0x0000, 0x0000, 0x0000,
    0x0000, 0x0000, 0x0000, 0x0000, 0x0000, 0x0000, 0x0000, 0x0000, 0x0000, 0x0000, 0x0000, 0x0000, 0x0000, 0x0000, 0x0000, 0x0000,
    0x0000, 0x0000, 0x0000, 0x0000, 0x0000, 0x0000, 0x0000, 0x0000, 0x0000, 0x0000, 0x0000, 0x0000, 0x0000, 0x0000, 0x0000, 0x0000,
    0x0000, 0x0000, 0x0000, 0x0000, 0x0000, 0x0000, 0x0000, 0x0000, 0x0000, 0x0000, 0x0000, 0x0000, 0x0000, 0x0000, 0x0000, 0x0000,
    0x0000, 0x0000, 0x0000, 0x0000, 0x0000, 0x0000, 0x0000, 0x0000, 0x0000, 0x0000, 0x0000, 0x0000, 0x0000, 0x0000, 0x0000, 0x0000,
    0x0000, 0x0000, 0x0000, 0x0000, 0x0000, 0x0000, 0x0000, 0x0000, 0x0000, 0x0000, 0x0000, 0x0000, 0x0000, 0x0000, 0x0000, 0x0000,
    0x0000, 0x0000, 0x0000, 0x0000, 0x0000, 0x0000, 0x0000, 0x0000, 0x0000, 0x0000, 0x0000, 0x0000, 0x0000, 0x0000, 0x0000, 0x0000,
    0x0000, 0x0000, 0x0000, 0x0000, 0x0000, 0x0000, 0x0000, 0x0000, 0x0000, 0x0000, 0x0000, 0x0000, 0x0000, 0x0000, 0x0000, 0x0000,
    0x0000, 0x0000, 0x0000, 0x0000, 0x0000, 0x0000, 0x0000, 0x0000, 0x0000, 0x0000, 0x0000, 0x0000, 0x0000, 0x0000, 0x0000, 0x0000,
    0x0000, 0x0000, 0x0000, 0x0000, 0x0000, 0x0000, 0x0000, 0x0000, 0x0000, 0x0000, 0x0000, 0x0000, 0x0000, 0x0000, 0x0000, 0x0000,
    0x0000, 0x0000, 0x0000, 0x0000, 0x0000, 0x0000, 0x0000, 0x0000, 0x0000, 0x0000, 0x0000, 0x0000, 0x0000, 0x0000, 0x0000, 0x0000,
    0x0000, 0x0000, 0x0000, 0x0000, 0x0000, 0x0000, 0x0000, 0x0000, 0x0000, 0x0000, 0x0000, 0x0000, 0x0000, 0x0000, 0x0000, 0x0000,
    0x0000, 0x0000, 0x0000, 0x0000, 0x0000, 0x0000, 0x0000, 0x0000, 0x0000, 0x0000, 0x0000, 0x0000, 0x0000, 0x0000, 0x0000, 0x0000,
    0x0000, 0x0000, 0x0000, 0x0000, 0x0000, 0x0000, 0x0000, 0x0000, 0x0000, 0x0000, 0x0000, 0x0000, 0x0000, 0x0000, 0x0000, 0x0000,
    0x0000, 0x0000, 0x0000, 0x0000, 0x0000, 0x0000, 0x0000, 0x0000, 0x0000, 0x0000, 0x0000, 0x0000, 0x0000, 0x0000, 0x0000, 0x0000,
    0x0000, 0x0000, 0x0000, 0x0000, 0x0000, 0x0000, 0x0000, 0x0000, 0x0000, 0x0000, 0x0000, 0x0000, 0x0000, 0x0000, 0x0000, 0x0000,
    0x0000, 0x0000, 0x0000, 0x0000, 0x0000, 0x0000, 0x0000, 0x0000, 0x0000, 0x0000, 0x0000, 0x0000, 0x0000, 0x0000, 0x0000, 0x0000,
};

const int dvdw = 80;
const int dvdh = 36;

const uint8_t dvd[] PROGMEM = {
    0x01, 0xFF, 0xFF, 0xFF, 0xF8, 0x00, 0x3F, 0xFF, 0xFF, 0x00, 0x01, 0xFF, 0xFF, 0xFF, 0xF8, 0x00,
    0x7F, 0xFF, 0xFF, 0xE0, 0x01, 0xFF, 0xFF, 0xFF, 0xFC, 0x00, 0xFF, 0xFF, 0xFF, 0xF8, 0x00, 0x00,
    0x3F, 0xFF, 0xFC, 0x01, 0xFE, 0x00, 0x3F, 0xFC, 0x00, 0x00, 0x07, 0xFF, 0xFC, 0x03, 0xFC, 0x00,
    0x03, 0xFE, 0x03, 0xFC, 0x01, 0xFE, 0xFE, 0x07, 0xFB, 0xFC, 0x01, 0xFF, 0x07, 0xF8, 0x01, 0xFE,
    0xFE, 0x0F, 0xF3, 0xFC, 0x01, 0xFF, 0x07, 0xF8, 0x01, 0xFE, 0xFF, 0x1F, 0xC3, 0xF8, 0x01, 0xFF,
    0x07, 0xF0, 0x03, 0xFC, 0x7F, 0x3F, 0x87, 0xF8, 0x01, 0xFE, 0x0F, 0xF0, 0x07, 0xFC, 0x7F, 0xFF,
    0x07, 0xF8, 0x03, 0xFC, 0x0F, 0xF0, 0x0F, 0xF8, 0x3F, 0xFE, 0x07, 0xF0, 0x0F, 0xF8, 0x0F, 0xF0,
    0xFF, 0xE0, 0x3F, 0xFC, 0x0F, 0xF0, 0x7F, 0xF0, 0x0F, 0xFF, 0xFF, 0xC0, 0x1F, 0xF8, 0x0F, 0xFF,
    0xFF, 0xC0, 0x1F, 0xFF, 0xFE, 0x00, 0x1F, 0xE0, 0x0F, 0xFF, 0xFF, 0x00, 0x1F, 0xFF, 0xF0, 0x00,
    0x0F, 0xC0, 0x1F, 0xFF, 0xF0, 0x00, 0x00, 0x00, 0x00, 0x00, 0x0F, 0x80, 0x00, 0x00, 0x00, 0x00,
    0x00, 0x00, 0x00, 0x00, 0x07, 0x00, 0x00, 0x00, 0x00, 0x00, 0x00, 0x00, 0x00, 0x00, 0x06, 0x00,
    0x00, 0x00, 0x00, 0x00, 0x00, 0x00, 0x00, 0x00, 0x04, 0x00, 0x00, 0x00, 0x00, 0x00, 0x00, 0x03,
    0xFF, 0xFF, 0xFF, 0xFF, 0xFF, 0xFC, 0x00, 0x00, 0x03, 0xFF, 0xFF, 0xFF, 0xFF, 0xFF, 0xFF, 0xFF,
    0xFC, 0x00, 0x3F, 0xFF, 0xFF, 0xFF, 0x80, 0xFF, 0xFF, 0xFF, 0xFF, 0xC0, 0x7F, 0xFF, 0xFF, 0xF0,
    0x00, 0x07, 0xFF, 0xFF, 0xFF, 0xE0, 0x3F, 0xFF, 0xFF, 0xFC, 0x00, 0x1F, 0xFF, 0xFF, 0xFF, 0xC0,
    0x07, 0xFF, 0xFF, 0xFF, 0xFF, 0xFF, 0xFF, 0xFF, 0xFE, 0x00, 0x00, 0x1F, 0xFF, 0xFF, 0xFF, 0xFF,
    0xFF, 0xFF, 0x00, 0x40, 0x00, 0x00, 0x00, 0x1F, 0xFF, 0xFF, 0x80, 0x00, 0x00, 0x5C, 0x00, 0x00,
    0x00, 0x00, 0x00, 0x00, 0x00, 0x00, 0x00, 0x00, 0x00, 0x00, 0x00, 0x00, 0x00, 0x00, 0x00, 0x00,
    0x00, 0x00, 0x00, 0x00, 0x00, 0x00, 0x00, 0x00, 0x00, 0x00, 0x00, 0x00, 0x00, 0xC1, 0x81, 0x81,
    0xFC, 0x03, 0xE0, 0x1F, 0xC0, 0x00, 0x00, 0x63, 0x81, 0x81, 0xCE, 0x03, 0x00, 0x38, 0xE0, 0x00,
    0x00, 0x73, 0x01, 0x81, 0x87, 0x03, 0xE0, 0x60, 0x30, 0x00, 0x00, 0x3E, 0x01, 0x81, 0x87, 0x03,
    0x00, 0x60, 0x70, 0x00, 0x00, 0x1C, 0x01, 0x81, 0xCE, 0x03, 0x00, 0x38, 0xE0, 0x00, 0x00, 0x0C,
    0x01, 0x81, 0xFC, 0x03, 0xE0, 0x1F, 0xC0, 0x00,
};

#endif //VISELHETOLILYGO_KEPEK_H

